VendorID,tpep_pickup_datetime,tpep_dropoff_datetime,passenger_count,trip_distance,RatecodeID,store_and_fwd_flag,PULocationID,DOLocationID,payment_type,fare_amount,extra,mta_tax,tip_amount,tolls_amount,improvement_surcharge,total_amount,congestion_surcharge,Airport_fee
1,01-06-2024 00:03,01-06-2024 00:31,1,12.5,1,N,138,195,1,48.5,7.75,0.5,11.55,0,1,69.3,0,1.75
2,01-06-2024 00:55,01-06-2024 01:08,1,4.34,1,N,138,7,1,20.5,6,0.5,8.4,0,1,38.15,0,1.75
1,01-06-2024 00:23,01-06-2024 00:32,1,1.3,1,N,166,41,1,10,1,0.5,3.1,0,1,15.6,0,0
1,01-06-2024 00:32,01-06-2024 00:40,1,1.2,1,N,148,114,1,8.6,3.5,0.5,0.2,0,1,13.8,2.5,0
1,01-06-2024 00:51,01-06-2024 00:58,1,1,1,N,148,249,1,7.2,3.5,0.5,2,0,1,14.2,2.5,0
2,01-06-2024 00:26,01-06-2024 00:37,1,1.5,1,N,48,229,1,11.4,1,0.5,2,0,1,18.4,2.5,0
2,01-06-2024 00:01,01-06-2024 00:57,1,18.41,2,N,132,48,1,70,0,0.5,0.15,6.94,1,82.84,2.5,1.75
1,01-06-2024 00:43,01-06-2024 00:49,4,1.4,1,N,140,236,1,7.9,3.5,0.5,2.6,0,1,15.5,2.5,0
2,31-05-2024 23:38,31-05-2024 23:51,1,2.31,1,N,230,239,1,14.9,1,0.5,3.98,0,1,23.88,2.5,0
2,01-06-2024 00:00,01-06-2024 00:05,1,0.74,1,N,142,239,1,6.5,1,0.5,2.3,0,1,13.8,2.5,0
2,01-06-2024 00:16,01-06-2024 00:36,1,1.78,1,N,48,170,1,17.7,1,0.5,1,0,1,23.7,2.5,0
2,01-06-2024 00:07,01-06-2024 00:19,1,2.94,1,N,234,142,1,15.6,1,0.5,5.15,0,1,25.75,2.5,0
2,01-06-2024 00:34,01-06-2024 00:43,1,1.82,1,N,186,43,1,11.4,1,0.5,1.5,0,1,17.9,2.5,0
2,01-06-2024 00:19,01-06-2024 00:27,1,1.26,1,N,158,125,1,9.3,1,0.5,0,0,1,14.3,2.5,0
2,01-06-2024 00:34,01-06-2024 00:41,1,1.04,1,N,249,68,1,8.6,1,0.5,2.72,0,1,16.32,2.5,0
1,01-06-2024 00:11,01-06-2024 00:34,1,3.7,1,N,50,4,1,22.6,3.5,0.5,4,0,1,31.6,2.5,0
1,01-06-2024 00:49,01-06-2024 00:56,2,0.9,1,N,137,234,1,7.9,3.5,0.5,2.55,0,1,15.45,2.5,0
2,01-06-2024 00:06,01-06-2024 00:20,1,5.4,1,N,50,116,2,24,1,0.5,0,0,1,29,2.5,0
1,01-06-2024 00:28,01-06-2024 00:39,1,1.5,1,N,162,164,2,11.4,3.5,0.5,0,0,1,16.4,2.5,0
2,01-06-2024 00:14,01-06-2024 00:43,1,5.3,1,N,231,143,1,30.3,1,0.5,7.06,0,1,42.36,2.5,0
2,01-06-2024 00:28,01-06-2024 00:48,1,4.87,1,N,79,239,1,24.7,1,0.5,5.94,0,1,35.64,2.5,0
1,01-06-2024 00:30,01-06-2024 00:51,1,3.9,1,N,261,246,1,22.6,3.5,0.5,2,0,1,29.6,2.5,0
1,01-06-2024 00:17,01-06-2024 00:21,1,0.8,1,N,237,263,1,6.5,3.5,0.5,2,0,1,13.5,2.5,0
1,01-06-2024 00:47,01-06-2024 01:07,2,4.4,1,N,249,239,1,21.9,3.5,0.5,3,0,1,29.9,2.5,0
1,01-06-2024 00:22,01-06-2024 00:33,1,1.5,1,N,255,80,1,11.4,1,0.5,3.45,0,1,17.35,0,0
2,01-06-2024 00:28,01-06-2024 00:49,1,2.42,1,N,249,209,1,19.1,1,0.5,4.82,0,1,28.92,2.5,0
2,01-06-2024 00:53,01-06-2024 01:06,1,4.22,1,N,87,137,1,19.8,1,0.5,4.96,0,1,29.76,2.5,0
2,01-06-2024 00:10,01-06-2024 00:19,1,1.83,1,N,114,87,1,11.4,1,0.5,3.28,0,1,19.68,2.5,0
2,01-06-2024 00:41,01-06-2024 00:55,1,1.84,1,N,231,68,1,14.2,1,0.5,2,0,1,21.2,2.5,0
2,01-06-2024 00:59,01-06-2024 01:12,3,2.36,1,N,263,238,1,14.2,1,0.5,5.76,0,1,24.96,2.5,0
1,01-06-2024 00:09,01-06-2024 00:17,1,1.8,1,N,239,163,1,10.7,3.5,0.5,5,0,1,20.7,2.5,0
1,01-06-2024 00:55,01-06-2024 01:00,1,0.8,1,N,239,142,1,6.5,3.5,0.5,2.3,0,1,13.8,2.5,0
2,01-06-2024 00:31,01-06-2024 00:49,1,7.73,1,N,141,13,1,33.1,1,0.5,7.62,0,1,45.72,2.5,0
2,01-06-2024 00:54,01-06-2024 01:00,1,0.64,1,N,261,13,2,7.2,1,0.5,0,0,1,12.2,2.5,0
2,01-06-2024 00:23,01-06-2024 00:44,1,2.68,1,N,166,166,1,19.8,1,0.5,3.34,0,1,25.64,0,0
2,01-06-2024 00:21,01-06-2024 00:27,1,1,1,N,90,113,1,7.2,1,0.5,2.44,0,1,14.64,2.5,0
2,01-06-2024 00:29,01-06-2024 00:40,1,1.83,1,N,113,164,1,12.1,1,0.5,3.42,0,1,20.52,2.5,0
2,01-06-2024 00:35,01-06-2024 01:06,2,3.78,1,N,162,45,1,26.8,1,0.5,6.36,0,1,38.16,2.5,0
2,01-06-2024 00:09,01-06-2024 00:15,1,1.37,1,N,144,261,1,8.6,1,0.5,1,0,1,14.6,2.5,0
2,01-06-2024 00:22,01-06-2024 00:32,2,3.5,1,N,209,107,1,17,1,0.5,4.4,0,1,26.4,2.5,0
2,01-06-2024 00:42,01-06-2024 00:48,1,0.89,1,N,79,144,1,7.9,1,0.5,2.58,0,1,15.48,2.5,0
1,01-06-2024 00:36,01-06-2024 00:54,2,3.2,1,N,50,125,1,18.4,3.5,0.5,0,0,1,23.4,2.5,0
1,01-06-2024 00:59,01-06-2024 01:40,1,5.9,1,N,114,37,1,39.4,3.5,0.5,8.85,0,1,53.25,2.5,0
1,01-06-2024 00:24,01-06-2024 00:30,1,0.5,1,N,113,107,1,7.2,3.5,0.5,3,0,1,15.2,2.5,0
2,01-06-2024 00:40,01-06-2024 01:42,1,19.67,2,N,132,79,2,70,0,0.5,0,0,1,75.75,2.5,1.75
1,01-06-2024 00:39,01-06-2024 00:43,0,1,1,N,237,236,1,7.2,3.5,0.5,2.4,0,1,14.6,2.5,0
2,01-06-2024 00:21,01-06-2024 00:44,2,4.86,1,N,249,263,1,24.7,1,0.5,2,0,1,31.7,2.5,0
2,01-06-2024 00:18,01-06-2024 00:21,2,0.87,1,N,143,238,1,6.5,1,0.5,1.15,0,1,12.65,2.5,0
2,01-06-2024 00:43,01-06-2024 00:48,1,0.87,1,N,236,263,1,7.2,1,0.5,2.44,0,1,14.64,2.5,0
2,01-06-2024 00:49,01-06-2024 01:10,1,4.77,1,N,263,68,1,24,1,0.5,5.8,0,1,34.8,2.5,0
1,01-06-2024 00:52,01-06-2024 01:14,1,6.2,1,N,132,197,3,27.5,2.75,0.5,0,0,1,31.75,0,1.75
1,01-06-2024 00:12,01-06-2024 00:32,0,4.2,1,N,90,264,1,21.9,3.5,0.5,5.35,0,1,32.25,2.5,0
2,01-06-2024 00:06,01-06-2024 00:42,1,4.69,1,N,148,37,1,35.2,1,0.5,8.04,0,1,48.24,2.5,0
2,01-06-2024 00:05,01-06-2024 00:18,2,1.68,1,N,170,90,1,12.8,1,0.5,3.56,0,1,21.36,2.5,0
2,01-06-2024 00:28,01-06-2024 00:42,1,2.12,1,N,249,261,2,14.9,1,0.5,0,0,1,19.9,2.5,0
2,01-06-2024 00:46,01-06-2024 00:55,1,1.57,1,N,88,231,1,10.7,1,0.5,3.14,0,1,18.84,2.5,0
2,01-06-2024 00:41,01-06-2024 00:46,1,1.02,1,N,211,87,1,7.2,1,0.5,0,0,1,12.2,2.5,0
2,01-06-2024 00:49,01-06-2024 01:16,1,8.27,1,N,261,67,1,38,1,0.5,0.1,0,1,43.1,2.5,0
1,01-06-2024 00:41,01-06-2024 00:54,1,1.8,1,N,234,231,1,12.1,3.5,0.5,2,0,1,19.1,2.5,0
2,01-06-2024 00:01,01-06-2024 00:26,1,7.01,1,N,68,41,1,32.4,1,0.5,3.74,0,1,41.14,2.5,0
1,01-06-2024 00:52,01-06-2024 01:51,1,11.1,99,N,161,197,1,39.5,0,0.5,0,6.94,1,47.94,0,0
1,01-06-2024 00:04,01-06-2024 00:46,1,7.7,1,N,79,36,1,44.3,3.5,0.5,9.85,0,1,59.15,2.5,0
2,01-06-2024 00:29,01-06-2024 00:37,1,0.85,1,N,100,170,1,8.6,1,0.5,2.72,0,1,16.32,2.5,0
2,01-06-2024 00:46,01-06-2024 00:58,2,2.04,1,N,234,231,2,13.5,1,0.5,0,0,1,18.5,2.5,0
2,01-06-2024 00:12,01-06-2024 00:18,1,0.63,1,N,166,24,2,7.9,1,0.5,0,0,1,10.4,0,0
1,01-06-2024 00:08,01-06-2024 00:56,1,16.7,2,N,132,170,1,70,4.25,0.5,12,13.88,1,101.63,2.5,1.75
2,01-06-2024 00:34,01-06-2024 00:44,3,4.89,1,N,138,192,2,19.8,6,0.5,0,0,1,29.05,0,1.75
2,01-06-2024 00:39,01-06-2024 01:05,1,4.62,1,N,144,17,1,28.2,1,0.5,6.64,0,1,39.84,2.5,0
2,01-06-2024 00:23,01-06-2024 00:30,1,1.09,1,N,186,230,1,8.6,1,0.5,2.45,0,1,16.05,2.5,0
2,01-06-2024 00:38,01-06-2024 00:45,4,1.17,1,N,48,246,1,8.6,1,0.5,2.72,0,1,16.32,2.5,0
2,01-06-2024 00:08,01-06-2024 00:24,1,1.73,1,N,234,79,1,14.9,1,0.5,2,0,1,21.9,2.5,0
1,01-06-2024 00:08,01-06-2024 00:14,2,1,1,N,164,68,1,7.9,3.5,0.5,1,0,1,13.9,2.5,0
1,01-06-2024 00:24,01-06-2024 00:42,2,4.4,1,N,158,238,1,21.9,3.5,0.5,6.7,0,1,33.6,2.5,0
1,01-06-2024 00:56,01-06-2024 01:29,1,9.6,1,N,237,49,1,44.3,3.5,0.5,8,0,1,57.3,2.5,0
2,01-06-2024 00:06,01-06-2024 00:12,1,1.06,1,N,141,229,2,7.9,1,0.5,0,0,1,12.9,2.5,0
2,01-06-2024 00:27,01-06-2024 01:10,2,4.31,1,N,113,37,2,38,1,0.5,0,0,1,43,2.5,0
2,01-06-2024 00:09,01-06-2024 00:18,1,1.89,1,N,142,141,1,11.4,1,0.5,3.28,0,1,19.68,2.5,0
2,01-06-2024 00:21,01-06-2024 00:24,1,0.87,1,N,141,141,1,6.5,1,0.5,1.11,0,1,12.61,2.5,0
2,01-06-2024 00:57,01-06-2024 01:04,1,2.31,1,N,142,151,1,11.4,1,0.5,3.28,0,1,19.68,2.5,0
1,01-06-2024 00:11,01-06-2024 00:20,1,2.1,1,N,79,170,1,12.1,3.5,0.5,1.5,0,1,18.6,2.5,0
1,01-06-2024 00:46,01-06-2024 00:50,1,0.8,1,N,161,164,1,6.5,3.5,0.5,2.85,0,1,14.35,2.5,0
1,01-06-2024 00:06,01-06-2024 00:16,1,1.6,1,N,249,186,1,10,3.5,0.5,3,0,1,18,2.5,0
1,01-06-2024 00:38,01-06-2024 00:44,1,1.1,1,N,186,68,2,7.9,3.5,0.5,0,0,1,12.9,2.5,0
2,01-06-2024 00:07,01-06-2024 00:20,1,1.37,1,N,90,48,1,12.8,1,0.5,4.45,0,1,22.25,2.5,0
2,01-06-2024 00:30,01-06-2024 00:40,1,1.98,1,N,48,239,1,12.1,1,0.5,3,0,1,20.1,2.5,0
2,01-06-2024 00:44,01-06-2024 00:52,1,0.76,1,N,238,238,2,9.3,1,0.5,0,0,1,14.3,2.5,0
1,01-06-2024 00:32,01-06-2024 00:52,1,7.6,1,N,132,265,1,33.8,2.75,0.5,5,0,1,43.05,0,1.75
2,01-06-2024 00:09,01-06-2024 00:16,1,1.09,1,N,158,246,1,8.6,1,0.5,2.72,0,1,16.32,2.5,0
2,01-06-2024 00:23,01-06-2024 00:27,1,0.42,1,N,158,249,1,5.1,1,0.5,2.02,0,1,12.12,2.5,0
2,01-06-2024 00:32,01-06-2024 00:48,1,2.41,1,N,158,144,1,17,1,0.5,2,0,1,24,2.5,0
2,01-06-2024 00:52,01-06-2024 00:59,1,0.99,1,N,45,231,1,8.6,1,0.5,2.72,0,1,16.32,2.5,0
1,01-06-2024 00:20,01-06-2024 00:25,2,0.6,1,N,230,162,1,5.8,3.5,0.5,2.15,0,1,12.95,2.5,0
1,01-06-2024 00:59,01-06-2024 01:07,1,1.6,1,N,79,264,1,10,3.5,0.5,3,0,1,18,2.5,0
1,01-06-2024 00:34,01-06-2024 00:57,0,3.5,1,N,239,234,1,22.6,3.5,0.5,5.5,0,1,33.1,2.5,0
2,31-05-2024 23:54,01-06-2024 00:05,2,2.05,1,N,142,229,1,12.1,1,0.5,3.42,0,1,20.52,2.5,0
2,01-06-2024 00:20,01-06-2024 00:30,2,2.62,1,N,229,43,1,14.2,1,0.5,2.5,0,1,21.7,2.5,0
2,01-06-2024 00:52,01-06-2024 01:01,2,1.31,1,N,163,229,1,10,1,0.5,2,0,1,17,2.5,0
2,01-06-2024 00:32,01-06-2024 00:50,1,6.13,1,N,229,261,1,27.5,1,0.5,10,0,1,42.5,2.5,0
2,01-06-2024 00:27,01-06-2024 00:54,2,2.4,1,N,68,148,1,23.3,1,0.5,4,0,1,32.3,2.5,0
2,01-06-2024 00:49,01-06-2024 01:07,1,2.98,1,N,48,79,1,18.4,1,0.5,4.68,0,1,28.08,2.5,0
2,01-06-2024 00:06,01-06-2024 00:26,2,4.03,1,N,236,113,1,22.6,1,0.5,1.5,0,1,29.1,2.5,0
2,01-06-2024 00:33,01-06-2024 00:41,1,1.59,1,N,249,231,1,10.7,1,0.5,3.14,0,1,18.84,2.5,0
2,01-06-2024 00:42,01-06-2024 00:50,1,1.26,1,N,79,232,2,9.3,1,0.5,0,0,1,14.3,2.5,0
2,01-06-2024 00:57,01-06-2024 00:58,1,0.22,1,N,79,4,2,3.7,1,0.5,0,0,1,8.7,2.5,0
2,01-06-2024 00:23,01-06-2024 00:30,3,1.55,1,N,48,90,2,10,1,0.5,0,0,1,15,2.5,0
2,01-06-2024 00:52,01-06-2024 00:58,3,1.08,1,N,90,249,1,7.9,1,0.5,3.87,0,1,16.77,2.5,0
2,01-06-2024 00:38,01-06-2024 00:53,1,1.95,1,N,79,186,1,15.6,1,0.5,0,0,1,20.6,2.5,0
2,01-06-2024 00:54,01-06-2024 00:58,1,0.81,1,N,186,90,1,5.8,1,0.5,1,0,1,11.8,2.5,0
2,01-06-2024 00:24,01-06-2024 00:38,1,4.89,1,N,161,168,1,21.2,1,0.5,0.05,0,1,26.25,2.5,0
2,01-06-2024 00:02,01-06-2024 00:10,1,1.57,1,N,231,249,1,10.7,1,0.5,3.92,0,1,19.62,2.5,0
2,01-06-2024 00:17,01-06-2024 00:29,1,1.44,1,N,249,170,1,12.1,1,0.5,4.28,0,1,21.38,2.5,0
1,01-06-2024 00:17,01-06-2024 00:46,2,11.1,1,N,138,230,3,47.8,10.25,0.5,0,6.94,1,66.49,2.5,1.75
1,01-06-2024 00:55,01-06-2024 01:08,1,1.9,1,N,162,100,2,12.8,3.5,0.5,0,0,1,17.8,2.5,0
2,01-06-2024 00:29,01-06-2024 00:36,1,1.03,1,N,79,144,1,8.6,1,0.5,2.04,0,1,15.64,2.5,0
2,01-06-2024 00:37,01-06-2024 01:11,1,6.88,1,N,144,238,1,36.6,1,0.5,8.32,0,1,49.92,2.5,0
1,01-06-2024 00:31,01-06-2024 01:10,1,16.2,2,N,132,107,1,70,4.25,0.5,10,6.94,1,92.69,2.5,1.75
2,01-06-2024 00:38,01-06-2024 00:56,2,3.82,1,N,143,249,1,20.5,1,0.5,4.5,0,1,30,2.5,0
1,01-06-2024 00:36,01-06-2024 00:48,1,2.3,1,N,90,79,1,12.8,3.5,0.5,3.55,0,1,21.35,2.5,0
1,01-06-2024 00:54,01-06-2024 01:05,1,3.9,1,N,79,263,1,17,3.5,0.5,1,0,1,23,2.5,0
2,01-06-2024 00:07,01-06-2024 00:21,1,1.76,1,N,90,114,1,13.5,1,0.5,0,0,1,18.5,2.5,0
2,01-06-2024 00:34,01-06-2024 00:37,1,0.52,1,N,107,137,1,5.1,1,0.5,2.02,0,1,12.12,2.5,0
2,01-06-2024 00:45,01-06-2024 00:50,1,0.75,1,N,141,229,1,6.5,1,0.5,2.3,0,1,13.8,2.5,0
2,01-06-2024 00:59,01-06-2024 01:09,1,1.53,1,N,141,48,1,11.4,1,0.5,3.28,0,1,19.68,2.5,0
2,01-06-2024 00:58,01-06-2024 01:14,1,4.29,1,N,234,262,1,21.2,1,0.5,5.24,0,1,31.44,2.5,0
2,01-06-2024 00:26,01-06-2024 01:08,1,6.42,1,N,113,36,2,38.7,1,0.5,0,0,1,43.7,2.5,0
1,01-06-2024 00:14,01-06-2024 00:33,2,3.5,1,N,230,79,1,20.5,3.5,0.5,5.1,0,1,30.6,2.5,0
2,01-06-2024 00:06,01-06-2024 00:12,1,1.05,1,N,229,170,2,8.6,1,0.5,0,0,1,13.6,2.5,0
2,01-06-2024 00:29,01-06-2024 00:43,1,2.1,1,N,79,246,1,14.9,1,0.5,3.98,0,1,23.88,2.5,0
2,01-06-2024 00:53,01-06-2024 01:03,1,0.99,1,N,249,90,1,10,1,0.5,3,0,1,18,2.5,0
1,01-06-2024 00:23,01-06-2024 00:25,2,0.3,1,N,234,107,1,4.4,3.5,0.5,0,0,1,9.4,2.5,0
1,01-06-2024 00:29,01-06-2024 00:44,1,4.3,1,N,107,238,1,20.5,3.5,0.5,5.1,0,1,30.6,2.5,0
1,01-06-2024 00:48,01-06-2024 00:57,1,1.7,1,N,238,263,1,11.4,3.5,0.5,3.25,0,1,19.65,2.5,0
1,01-06-2024 00:58,01-06-2024 01:12,1,3.7,1,N,263,79,1,17.7,3.5,0.5,4,0,1,26.7,2.5,0
1,01-06-2024 00:05,01-06-2024 00:45,1,4.3,1,N,237,179,1,34.5,3.5,0.5,3,0,1,42.5,2.5,0
1,01-06-2024 00:12,01-06-2024 00:32,1,3,1,N,249,229,1,17.7,3.5,0.5,4.54,0,1,27.24,2.5,0
2,01-06-2024 00:27,01-06-2024 00:34,1,1.13,1,N,234,233,1,8.6,1,0.5,2,0,1,15.6,2.5,0
2,01-06-2024 00:08,01-06-2024 00:29,1,3.34,1,N,211,48,1,20.5,1,0.5,5.1,0,1,30.6,2.5,0
2,01-06-2024 00:31,01-06-2024 00:33,1,0.27,1,N,100,48,2,4.4,1,0.5,0,0,1,9.4,2.5,0
2,01-06-2024 00:17,01-06-2024 00:40,1,4.79,1,N,158,141,1,24.7,1,0.5,5.94,0,1,35.64,2.5,0
2,01-06-2024 00:22,01-06-2024 00:27,1,1.17,1,N,43,143,1,8.6,1,0.5,1,0,1,14.6,2.5,0
2,01-06-2024 00:43,01-06-2024 00:54,1,1.62,1,N,68,161,1,12.8,1,0.5,1,0,1,18.8,2.5,0
2,01-06-2024 00:27,01-06-2024 00:41,1,1.96,1,N,107,232,1,14.2,1,0.5,1,0,1,20.2,2.5,0
2,01-06-2024 00:55,01-06-2024 01:06,1,3.76,1,N,148,233,1,17.7,1,0.5,4.54,0,1,27.24,2.5,0
2,01-06-2024 00:26,01-06-2024 00:35,1,1.49,1,N,142,50,1,10,1,0.5,2,0,1,17,2.5,0
2,01-06-2024 00:07,01-06-2024 00:13,2,0.89,1,N,144,231,1,7.9,1,0.5,2.58,0,1,15.48,2.5,0
2,01-06-2024 00:24,01-06-2024 00:37,1,1.44,1,N,144,249,1,12.8,1,0.5,3.56,0,1,21.36,2.5,0
2,01-06-2024 00:43,01-06-2024 00:55,3,1.27,1,N,249,144,1,11.4,1,0.5,3.28,0,1,19.68,2.5,0
2,01-06-2024 00:56,01-06-2024 01:02,2,1.01,1,N,144,231,2,7.9,1,0.5,0,0,1,12.9,2.5,0
2,01-06-2024 00:13,01-06-2024 00:28,3,2.29,1,N,100,79,1,14.9,1,0.5,1.11,0,1,21.01,2.5,0
2,01-06-2024 00:30,01-06-2024 00:48,1,3.07,1,N,114,88,1,18.4,1,0.5,4.68,0,1,28.08,2.5,0
2,01-06-2024 00:17,01-06-2024 00:34,1,3.36,1,N,68,229,1,18.4,1,0.5,4.68,0,1,28.08,2.5,0
1,01-06-2024 00:07,01-06-2024 00:12,1,0.6,1,N,237,263,1,5.8,3.5,0.5,2,0,1,12.8,2.5,0
1,01-06-2024 00:20,01-06-2024 00:26,1,1.6,1,N,237,142,1,9.3,3.5,0.5,3.55,0,1,17.85,2.5,0
2,01-06-2024 00:10,01-06-2024 00:25,1,2.32,1,N,234,148,1,15.6,1,0.5,0,0,1,20.6,2.5,0
2,01-06-2024 00:42,01-06-2024 00:52,1,1.39,1,N,107,246,1,11.4,1,0.5,0,0,1,16.4,2.5,0
2,01-06-2024 00:13,01-06-2024 00:30,1,3.18,1,N,161,263,1,18.4,1,0.5,7.02,0,1,30.42,2.5,0
2,01-06-2024 00:56,01-06-2024 01:00,1,1.09,1,N,68,68,1,7.2,1,0.5,1,0,1,13.2,2.5,0
1,01-06-2024 00:01,01-06-2024 00:28,1,4.4,1,N,144,142,1,26.1,3.5,0.5,6.2,0,1,37.3,2.5,0
1,01-06-2024 00:43,01-06-2024 00:52,1,1.8,1,N,142,161,2,10,3.5,0.5,0,0,1,15,2.5,0
1,01-06-2024 00:16,01-06-2024 00:35,3,5.6,1,N,238,224,1,27.5,3.5,0.5,4,0,1,36.5,2.5,0
2,01-06-2024 00:37,01-06-2024 00:54,1,3.13,1,N,68,43,1,18.4,1,0.5,4.68,0,1,28.08,2.5,0
2,01-06-2024 00:58,01-06-2024 01:04,1,1.45,1,N,142,246,1,9.3,1,0.5,2.86,0,1,17.16,2.5,0
2,01-06-2024 00:49,01-06-2024 01:25,1,3.23,1,N,79,141,1,21.9,1,0.5,5.38,0,1,32.28,2.5,0
1,01-06-2024 00:18,01-06-2024 00:30,1,2.1,1,N,141,75,1,12.1,3.5,0.5,2,0,1,19.1,2.5,0
1,01-06-2024 00:00,01-06-2024 00:10,1,1.6,1,N,234,148,1,10.7,3.5,0.5,3.1,0,1,18.8,2.5,0
2,01-06-2024 00:19,01-06-2024 00:30,3,2.17,1,N,13,158,1,12.8,1,0.5,3.56,0,1,21.36,2.5,0
2,01-06-2024 00:39,01-06-2024 00:46,2,0.74,1,N,249,234,1,7.9,1,0.5,1,0,1,13.9,2.5,0
2,01-06-2024 00:11,01-06-2024 00:23,1,2.74,1,N,148,49,1,14.9,1,0.5,3.98,0,1,23.88,2.5,0
1,01-06-2024 00:06,01-06-2024 00:13,1,1.2,1,N,137,79,1,8.6,3.5,0.5,2.7,0,1,16.3,2.5,0
1,01-06-2024 00:16,01-06-2024 00:47,1,6.1,1,N,79,80,1,33.1,3.5,0.5,9,6.94,1,54.04,2.5,0
2,01-06-2024 00:04,01-06-2024 00:12,1,1.71,1,N,142,246,1,10.7,1,0.5,3.14,0,1,18.84,2.5,0
2,01-06-2024 00:24,01-06-2024 00:27,1,0.45,1,N,249,68,1,5.1,1,0.5,2.02,0,1,12.12,2.5,0
2,01-06-2024 00:35,01-06-2024 00:46,1,1.58,1,N,249,68,1,12.1,1,0.5,1,0,1,18.1,2.5,0
2,01-06-2024 00:57,01-06-2024 01:23,1,5.01,1,N,249,238,1,26.8,1,0.5,6.36,0,1,38.16,2.5,0
2,01-06-2024 00:19,01-06-2024 00:26,1,1.22,1,N,163,162,1,8.6,1,0.5,2.72,0,1,16.32,2.5,0
2,01-06-2024 00:47,01-06-2024 01:01,1,3.44,1,N,162,75,1,17,1,0.5,1,0,1,23,2.5,0
1,01-06-2024 00:26,01-06-2024 00:34,4,1.4,1,N,79,137,1,9.3,3.5,0.5,2.85,0,1,17.15,2.5,0
1,01-06-2024 00:43,01-06-2024 00:50,2,1,1,N,79,107,1,7.9,3.5,0.5,2.55,0,1,15.45,2.5,0
1,01-06-2024 00:52,01-06-2024 01:12,1,5.3,1,N,148,142,1,25.4,3.5,0.5,6,0,1,36.4,2.5,0
2,01-06-2024 00:30,01-06-2024 01:08,1,4.63,1,N,144,255,4,-37.3,-1,-0.5,0,0,-1,-42.3,-2.5,0
2,01-06-2024 00:30,01-06-2024 01:08,1,4.63,1,N,144,255,4,37.3,1,0.5,0,0,1,42.3,2.5,0
2,01-06-2024 00:11,01-06-2024 00:13,2,0.23,1,N,249,158,1,4.4,1,0.5,1.88,0,1,11.28,2.5,0
2,01-06-2024 00:15,01-06-2024 00:22,1,1.17,1,N,249,231,1,8.6,1,0.5,1,0,1,14.6,2.5,0
2,01-06-2024 00:15,01-06-2024 00:41,1,3.74,1,N,50,114,1,24.7,1,0.5,5.94,0,1,35.64,2.5,0
2,01-06-2024 00:43,01-06-2024 00:44,1,0.02,1,N,114,114,2,3.7,1,0.5,0,0,1,8.7,2.5,0
2,01-06-2024 00:18,01-06-2024 00:28,2,2.89,1,N,87,148,1,14.9,1,0.5,3.98,0,1,23.88,2.5,0
2,01-06-2024 00:30,01-06-2024 00:49,1,2.58,1,N,148,255,1,19.1,1,0.5,0,0,1,24.1,2.5,0
2,01-06-2024 00:23,01-06-2024 00:27,1,1.28,1,N,142,239,2,7.2,1,0.5,0,0,1,12.2,2.5,0
2,01-06-2024 00:42,01-06-2024 00:52,2,1.54,1,N,148,125,1,10.7,1,0.5,3.14,0,1,18.84,2.5,0
2,01-06-2024 00:53,01-06-2024 00:57,2,0.9,1,N,125,249,2,-6.5,-1,-0.5,0,0,-1,-11.5,-2.5,0
2,01-06-2024 00:53,01-06-2024 00:57,2,0.9,1,N,125,249,2,6.5,1,0.5,0,0,1,11.5,2.5,0
1,01-06-2024 00:05,01-06-2024 00:13,4,1.4,1,N,234,158,1,10,3.5,0.5,3,0,1,18,2.5,0
1,01-06-2024 00:31,01-06-2024 00:46,1,2.5,1,N,90,229,1,16.3,3.5,0.5,3.2,0,1,24.5,2.5,0
2,01-06-2024 00:18,01-06-2024 00:33,1,2.6,1,N,100,143,1,16.3,1,0.5,2,0,1,23.3,2.5,0
2,01-06-2024 00:09,01-06-2024 00:14,1,0.69,1,N,114,211,1,6.5,1,0.5,2.3,0,1,13.8,2.5,0
2,01-06-2024 00:15,01-06-2024 00:34,1,3.36,1,N,211,246,1,19.8,1,0.5,2.48,0,1,27.28,2.5,0
2,01-06-2024 00:49,01-06-2024 00:54,1,0.81,1,N,246,186,1,6.5,1,0.5,2.3,0,1,13.8,2.5,0
2,01-06-2024 00:37,01-06-2024 00:47,1,1.66,1,N,158,114,1,10.7,1,0.5,3.14,0,1,18.84,2.5,0
1,01-06-2024 00:40,01-06-2024 00:53,1,3.9,1,N,132,216,1,17.7,2.75,0.5,6.55,0,1,28.5,0,1.75
2,01-06-2024 00:33,01-06-2024 00:43,2,1.27,1,N,114,249,1,10,1,0.5,1.5,0,1,16.5,2.5,0
2,01-06-2024 00:48,01-06-2024 00:53,2,0.77,1,N,125,249,2,6.5,1,0.5,0,0,1,11.5,2.5,0
1,01-06-2024 00:01,01-06-2024 00:11,2,1.5,1,N,113,164,1,10.7,3.5,0.5,3.1,0,1,18.8,2.5,0
1,01-06-2024 00:55,01-06-2024 01:06,1,1.9,1,N,158,107,1,12.1,3.5,0.5,1,0,1,18.1,2.5,0
2,01-06-2024 00:35,01-06-2024 01:02,1,17.11,4,N,138,265,1,75.8,6,0.5,0,6.94,1,91.99,0,1.75
2,01-06-2024 00:09,01-06-2024 00:20,2,2.79,1,N,142,41,1,14.9,1,0.5,3.98,0,1,23.88,2.5,0
1,01-06-2024 00:32,01-06-2024 00:36,1,0.9,1,N,236,75,1,6.5,3.5,0.5,2,0,1,13.5,2.5,0
1,01-06-2024 00:50,01-06-2024 01:08,1,3.7,1,N,236,234,2,20.5,3.5,0.5,0,0,1,25.5,2.5,0
1,01-06-2024 00:51,01-06-2024 00:54,1,0.4,1,N,114,249,1,5.1,3.5,0.5,2,0,1,12.1,2.5,0
2,01-06-2024 00:02,01-06-2024 00:16,2,2.62,1,N,90,163,1,16.3,1,0.5,3.2,0,1,24.5,2.5,0
2,01-06-2024 00:45,01-06-2024 00:52,1,0.64,1,N,79,79,1,7.2,1,0.5,2.44,0,1,14.64,2.5,0
2,01-06-2024 00:11,01-06-2024 00:19,1,1.59,1,N,234,233,1,10,1,0.5,1.5,0,1,16.5,2.5,0
2,01-06-2024 00:58,01-06-2024 01:39,2,17.13,2,N,132,48,1,70,0,0.5,16.19,6.94,1,98.88,2.5,1.75
2,01-06-2024 00:09,01-06-2024 00:18,1,2.08,1,N,48,239,1,11.4,1,0.5,3.28,0,1,19.68,2.5,0
2,01-06-2024 00:37,01-06-2024 00:40,1,0.7,1,N,48,163,1,5.8,1,0.5,2.16,0,1,12.96,2.5,0
1,01-06-2024 00:04,01-06-2024 00:22,2,2.4,1,N,186,79,1,17,3.5,0.5,4.4,0,1,26.4,2.5,0
1,01-06-2024 00:57,01-06-2024 01:06,1,1.7,1,N,79,137,1,10.7,3.5,0.5,3.9,0,1,19.6,2.5,0
2,31-05-2024 23:59,01-06-2024 00:17,1,2.54,1,N,229,113,1,17.7,1,0.5,4.54,0,1,27.24,2.5,0
2,01-06-2024 00:06,01-06-2024 00:20,1,1.77,1,N,162,234,1,12.8,1,0.5,2.5,0,1,20.3,2.5,0
2,01-06-2024 00:04,01-06-2024 00:14,1,2.07,1,N,263,238,1,12.1,1,0.5,3.42,0,1,20.52,2.5,0
2,01-06-2024 00:36,01-06-2024 00:51,2,4,1,N,90,236,1,18.4,1,0.5,4.68,0,1,28.08,2.5,0
2,01-06-2024 00:11,01-06-2024 00:30,1,2.49,1,N,170,4,1,17.7,1,0.5,4.54,0,1,27.24,2.5,0
2,01-06-2024 00:39,01-06-2024 00:51,1,3.46,1,N,224,236,1,16.3,1,0.5,4.26,0,1,25.56,2.5,0
2,01-06-2024 00:33,01-06-2024 00:44,1,1.17,1,N,236,237,2,8.6,1,0.5,0,0,1,13.6,2.5,0
2,01-06-2024 00:50,01-06-2024 00:56,1,1.28,1,N,237,163,1,8.6,1,0.5,2,0,1,15.6,2.5,0
1,01-06-2024 00:01,01-06-2024 00:07,2,1.1,1,N,114,79,1,7.9,3.5,0.5,0,0,1,12.9,2.5,0
1,01-06-2024 00:32,01-06-2024 00:37,2,0.7,1,N,234,164,1,7.2,3.5,0.5,0,0,1,12.2,2.5,0
1,01-06-2024 00:45,01-06-2024 00:51,3,0.6,1,N,186,170,1,7.2,3.5,0.5,2.4,0,1,14.6,2.5,0
2,01-06-2024 00:27,01-06-2024 00:32,4,0.83,1,N,125,249,1,7.2,1,0.5,0.61,0,1,12.81,2.5,0
2,01-06-2024 00:42,01-06-2024 00:57,1,2.48,1,N,100,141,1,16.3,1,0.5,4.26,0,1,25.56,2.5,0
2,01-06-2024 00:02,01-06-2024 00:30,1,7.09,1,N,164,42,1,33.8,1,0.5,7.76,0,1,46.56,2.5,0
2,01-06-2024 00:59,01-06-2024 01:03,1,0.79,1,N,107,137,1,5.8,1,0.5,2.16,0,1,12.96,2.5,0
2,01-06-2024 00:40,01-06-2024 00:47,1,0.63,1,N,113,148,1,7.9,1,0.5,2.58,0,1,15.48,2.5,0
2,01-06-2024 00:52,01-06-2024 01:12,1,3.52,1,N,79,48,1,20.5,1,0.5,2,0,1,27.5,2.5,0
2,01-06-2024 00:34,01-06-2024 00:48,1,4.81,1,N,132,205,2,21.9,1,0.5,0,0,1,26.15,0,1.75
1,01-06-2024 00:12,01-06-2024 00:22,1,4.4,1,N,138,260,2,18.4,7.75,0.5,0,0,1,27.65,0,1.75
1,01-06-2024 00:34,01-06-2024 00:43,1,1.5,1,N,141,162,1,10.7,3.5,0.5,3.1,0,1,18.8,2.5,0
2,01-06-2024 00:25,01-06-2024 00:53,1,5.22,1,N,148,140,1,28.9,1,0.5,6.78,0,1,40.68,2.5,0
1,01-06-2024 00:15,01-06-2024 00:31,1,2.2,1,N,68,233,1,14.9,3.5,0.5,2,0,1,21.9,2.5,0
1,01-06-2024 00:44,01-06-2024 01:21,1,3.7,1,N,234,256,1,31,3.5,0.5,0,0,1,36,2.5,0
1,01-06-2024 00:14,01-06-2024 00:16,1,0.6,1,N,141,263,1,5.1,3.5,0.5,2,0,1,12.1,2.5,0
1,01-06-2024 00:10,01-06-2024 00:25,1,3.1,1,N,68,12,1,15.6,3.5,0.5,4.1,0,1,24.7,2.5,0
1,01-06-2024 00:39,01-06-2024 00:44,1,0.9,1,N,164,161,1,7.2,3.5,0.5,3,0,1,15.2,2.5,0
1,01-06-2024 00:15,01-06-2024 00:21,1,0.7,1,N,41,74,4,0,0,0,0,0,0,0,0,0
1,01-06-2024 00:55,01-06-2024 01:02,1,2.1,1,N,141,170,1,10.7,3.5,0.5,1,0,1,16.7,2.5,0
1,01-06-2024 00:09,01-06-2024 00:17,2,1.2,1,N,158,125,1,10,3.5,0.5,1,0,1,16,2.5,0
2,01-06-2024 00:05,01-06-2024 00:38,1,4.3,1,N,170,145,1,31,1,0.5,5.15,6.94,1,48.09,2.5,0
2,01-06-2024 00:05,01-06-2024 00:12,2,0.66,1,N,114,211,1,7.9,1,0.5,1,0,1,13.9,2.5,0
2,01-06-2024 00:13,01-06-2024 00:16,1,0.33,1,N,211,125,1,5.1,1,0.5,2.02,0,1,12.12,2.5,0
2,01-06-2024 00:52,01-06-2024 01:00,1,2.36,1,N,163,145,1,11.4,1,0.5,4.1,0,1,20.5,2.5,0
2,01-06-2024 00:19,01-06-2024 01:00,1,5.68,1,N,113,112,1,41.5,1,0.5,9.3,0,1,55.8,2.5,0
2,01-06-2024 00:09,01-06-2024 00:22,1,2.99,1,N,125,137,1,16.3,1,0.5,4.26,0,1,25.56,2.5,0
1,01-06-2024 00:21,01-06-2024 00:36,1,3.5,1,N,239,234,1,18.4,3.5,0.5,2.34,0,1,25.74,2.5,0
1,01-06-2024 00:41,01-06-2024 00:50,3,0.8,1,N,113,211,1,9.3,3.5,0.5,2.15,0,1,16.45,2.5,0
1,01-06-2024 00:58,01-06-2024 01:04,4,0.8,1,N,211,45,2,7.9,3.5,0.5,0,0,1,12.9,2.5,0
2,01-06-2024 00:07,01-06-2024 00:34,1,16.25,1,N,132,21,2,61.1,1,0.5,0,0,1,65.35,0,1.75
2,01-06-2024 00:04,01-06-2024 00:12,1,1.18,1,N,114,231,1,10,1,0.5,3,0,1,18,2.5,0
2,01-06-2024 00:25,01-06-2024 00:38,1,2.67,1,N,263,142,1,15.6,1,0.5,4.12,0,1,24.72,2.5,0
2,01-06-2024 00:20,01-06-2024 00:29,1,1.2,1,N,107,79,1,9.3,1,0.5,3.58,0,1,17.88,2.5,0
2,01-06-2024 00:35,01-06-2024 00:58,1,4.7,1,N,79,143,1,23.3,1,0.5,4.24,0,1,32.54,2.5,0
2,01-06-2024 00:01,01-06-2024 01:08,1,19.76,4,N,170,265,1,91.9,1,0.5,20.77,6.94,1,124.61,2.5,0
2,01-06-2024 00:42,01-06-2024 01:02,1,3.67,1,N,144,237,1,21.9,1,0.5,5.38,0,1,32.28,2.5,0
1,01-06-2024 00:01,01-06-2024 00:22,3,2.8,1,N,158,148,1,19.1,3.5,0.5,0,0,1,24.1,2.5,0
1,01-06-2024 00:26,01-06-2024 00:43,1,4.1,1,N,148,17,1,21.9,3.5,0.5,5.35,0,1,32.25,2.5,0
1,01-06-2024 00:08,01-06-2024 00:20,1,2,1,N,79,233,1,13.5,3.5,0.5,1,0,1,19.5,2.5,0
1,01-06-2024 00:26,01-06-2024 00:41,1,3.3,1,N,170,114,1,19.1,3.5,0.5,4.8,0,1,28.9,2.5,0
1,01-06-2024 00:45,01-06-2024 00:48,1,0.4,1,N,114,211,2,5.1,3.5,0.5,0,0,1,10.1,2.5,0
1,01-06-2024 00:50,01-06-2024 01:04,4,1,1,N,144,148,1,13.5,3.5,0.5,0,0,1,18.5,2.5,0
2,01-06-2024 00:16,01-06-2024 00:34,1,9.25,1,N,138,102,1,36.6,6,0.5,8.82,0,1,54.67,0,1.75
2,01-06-2024 00:31,01-06-2024 00:50,1,2.31,1,N,231,234,1,17.7,1,0.5,4.54,0,1,27.24,2.5,0
2,31-05-2024 23:58,01-06-2024 00:08,2,0.95,1,N,79,249,1,10,1,0.5,3,0,1,18,2.5,0
2,01-06-2024 00:10,01-06-2024 00:18,1,0.76,1,N,249,113,1,8.6,1,0.5,3.4,0,1,17,2.5,0
2,01-06-2024 00:19,01-06-2024 00:34,2,2.36,1,N,113,232,1,14.9,1,0.5,3.98,0,1,23.88,2.5,0
2,01-06-2024 00:35,01-06-2024 00:42,2,1.19,1,N,232,209,1,8.6,1,0.5,3.4,0,1,17,2.5,0
2,01-06-2024 00:45,01-06-2024 00:53,1,1.17,1,N,148,249,1,8.6,1,0.5,2.04,0,1,15.64,2.5,0
2,01-06-2024 00:05,01-06-2024 00:57,2,18.18,2,N,132,100,1,70,0,0.5,10,6.94,1,92.69,2.5,1.75
1,01-06-2024 00:03,01-06-2024 00:14,1,1.3,1,N,107,79,1,10,3.5,0.5,3,0,1,18,2.5,0
1,01-06-2024 00:22,01-06-2024 00:28,2,0.9,1,N,114,231,1,7.2,3.5,0.5,2,0,1,14.2,2.5,0
1,01-06-2024 00:32,01-06-2024 00:46,2,1.9,1,N,211,249,1,12.8,3.5,0.5,3.55,0,1,21.35,2.5,0
1,01-06-2024 00:59,01-06-2024 01:09,1,1.3,1,N,158,113,1,10,3.5,0.5,3,0,1,18,2.5,0
2,01-06-2024 00:19,01-06-2024 00:40,1,5.12,1,N,142,13,1,24.7,1,0.5,5.94,0,1,35.64,2.5,0
2,01-06-2024 00:26,01-06-2024 00:41,2,2.2,1,N,246,211,1,14.9,1,0.5,1.99,0,1,21.89,2.5,0
2,01-06-2024 00:45,01-06-2024 00:53,4,1.04,1,N,114,79,1,8.6,1,0.5,1.36,0,1,14.96,2.5,0
2,01-06-2024 00:09,01-06-2024 00:27,1,6.75,1,N,50,243,1,29.6,1,0.5,8.65,0,1,43.25,2.5,0
1,01-06-2024 00:11,01-06-2024 00:18,1,1.2,1,N,142,141,1,8.6,3.5,0.5,2.7,0,1,16.3,2.5,0
1,01-06-2024 00:37,01-06-2024 01:07,1,10.8,1,N,229,134,1,45.7,3.5,0.5,11.55,6.94,1,69.19,2.5,0
2,01-06-2024 00:01,01-06-2024 00:41,1,4.8,1,N,141,129,1,35.9,1,0.5,4,0,1,44.9,2.5,0
2,01-06-2024 00:20,01-06-2024 00:43,1,1.61,1,N,148,148,1,19.8,1,0.5,7.44,0,1,32.24,2.5,0
2,01-06-2024 00:00,01-06-2024 00:04,1,1.02,1,N,162,141,1,7.2,1,0.5,2.44,0,1,14.64,2.5,0
2,01-06-2024 00:51,01-06-2024 00:59,1,1.3,1,N,164,48,1,10,1,0.5,3,0,1,18,2.5,0
2,01-06-2024 00:08,01-06-2024 00:45,1,9.06,1,N,211,157,1,47.1,1,0.5,0.01,0,1,52.11,2.5,0
2,01-06-2024 00:37,01-06-2024 00:54,1,2.22,1,N,79,68,1,16.3,1,0.5,4.26,0,1,25.56,2.5,0
2,01-06-2024 00:09,01-06-2024 00:18,2,1.33,1,N,164,224,1,10.7,1,0.5,3.14,0,1,18.84,2.5,0
2,01-06-2024 00:21,01-06-2024 00:24,1,0.96,1,N,224,233,1,6.5,1,0.5,2.3,0,1,13.8,2.5,0
2,01-06-2024 00:54,01-06-2024 00:56,2,0.37,1,N,230,100,2,5.1,1,0.5,0,0,1,10.1,2.5,0
2,01-06-2024 00:16,01-06-2024 00:23,1,1.1,1,N,186,68,1,8.6,1,0.5,2.72,0,1,16.32,2.5,0
2,01-06-2024 00:24,01-06-2024 00:37,1,1.48,1,N,68,113,1,12.1,1,0.5,3.42,0,1,20.52,2.5,0
2,01-06-2024 00:41,01-06-2024 00:48,1,1.34,1,N,79,170,1,8.6,1,0.5,2.72,0,1,16.32,2.5,0
2,01-06-2024 00:54,01-06-2024 00:57,1,0.48,1,N,141,140,1,5.1,1,0.5,0,0,1,10.1,2.5,0
2,01-06-2024 00:32,01-06-2024 01:07,1,10.94,1,N,132,37,1,47.1,1,0.5,5,0,1,56.35,0,1.75
2,01-06-2024 00:19,01-06-2024 00:44,2,3.83,1,N,163,144,1,24,1,0.5,5.8,0,1,34.8,2.5,0
2,01-06-2024 00:59,01-06-2024 01:08,1,2.1,1,N,107,142,1,12.1,1,0.5,2,0,1,19.1,2.5,0
2,01-06-2024 00:05,01-06-2024 00:08,1,0.86,1,N,238,236,1,6.5,1,0.5,2.88,0,1,14.38,2.5,0
2,01-06-2024 00:55,01-06-2024 01:00,1,1.08,1,N,48,68,1,7.2,1,0.5,2.44,0,1,14.64,2.5,0
2,01-06-2024 00:04,01-06-2024 00:16,1,1.23,1,N,249,79,1,12.1,1,0.5,3.42,0,1,20.52,2.5,0
2,01-06-2024 00:45,01-06-2024 00:54,1,1.75,1,N,114,170,2,10.7,1,0.5,0,0,1,15.7,2.5,0
2,01-06-2024 00:59,01-06-2024 01:02,1,0.62,1,N,137,162,1,5.1,1,0.5,2,0,1,12.1,2.5,0
2,01-06-2024 00:27,01-06-2024 00:41,2,2.31,1,N,164,141,1,14.9,1,0.5,1.99,0,1,21.89,2.5,0
2,01-06-2024 00:37,01-06-2024 00:47,1,1.74,1,N,239,262,1,11.4,1,0.5,3.28,0,1,19.68,2.5,0
1,01-06-2024 00:12,01-06-2024 00:24,1,1.9,1,N,186,125,1,12.8,3.5,0.5,3,0,1,20.8,2.5,0
1,01-06-2024 00:29,01-06-2024 00:39,2,1.7,1,N,211,90,1,11.4,3.5,0.5,4.9,0,1,21.3,2.5,0
1,01-06-2024 00:19,01-06-2024 00:22,2,1.1,1,N,239,48,2,7.2,3.5,0.5,0,0,1,12.2,2.5,0
1,01-06-2024 00:48,01-06-2024 00:55,1,1,1,N,234,79,1,9.3,3.5,0.5,2.85,0,1,17.15,2.5,0
1,01-06-2024 00:51,01-06-2024 01:11,1,3.7,1,N,158,229,1,21.2,3.5,0.5,5.2,0,1,31.4,2.5,0
2,01-06-2024 00:02,01-06-2024 00:21,2,4.86,1,N,79,43,1,23.3,1,0.5,5.66,0,1,33.96,2.5,0
2,01-06-2024 00:29,01-06-2024 00:45,2,6.4,1,N,142,244,1,28.2,1,0.5,5,0,1,38.2,2.5,0
2,01-06-2024 00:15,01-06-2024 00:35,2,3.7,1,N,249,143,1,21.2,1,0.5,5.24,0,1,31.44,2.5,0
2,01-06-2024 00:29,01-06-2024 00:54,1,3.75,1,N,148,246,1,24.7,1,0.5,2,0,1,31.7,2.5,0
2,01-06-2024 00:18,01-06-2024 00:37,1,4.21,1,N,79,140,1,21.2,1,0.5,1,0,1,27.2,2.5,0
1,01-06-2024 00:10,01-06-2024 00:14,2,0,1,N,79,148,1,5.8,3.5,0.5,2.15,0,1,12.95,2.5,0
1,01-06-2024 00:21,01-06-2024 00:34,1,0,1,N,4,264,1,12.1,3.5,0.5,3.4,0,1,20.5,2.5,0
1,01-06-2024 00:35,01-06-2024 00:50,3,0,1,N,249,264,1,12.8,3.5,0.5,3.55,0,1,21.35,2.5,0
1,01-06-2024 00:55,01-06-2024 01:00,2,0,1,N,264,264,1,6.5,3.5,0.5,2.3,0,1,13.8,2.5,0
2,01-06-2024 00:28,01-06-2024 00:40,2,1.84,1,N,107,162,1,12.8,1,0.5,2,0,1,19.8,2.5,0
2,01-06-2024 00:58,01-06-2024 01:15,1,3.68,1,N,48,41,1,19.8,1,0.5,3.72,0,1,28.52,2.5,0
2,01-06-2024 00:08,01-06-2024 00:43,1,5.45,1,N,249,256,1,34.5,1,0.5,7.9,0,1,47.4,2.5,0
1,01-06-2024 00:16,01-06-2024 00:45,1,3.5,1,N,79,255,2,25.4,3.5,0.5,0,0,1,30.4,2.5,0
1,01-06-2024 00:47,01-06-2024 00:58,1,1.7,1,N,255,37,1,10.7,1,0.5,3.95,0,1,17.15,0,0
2,01-06-2024 00:52,01-06-2024 01:23,1,6.65,1,N,249,145,1,33.1,1,0.5,3,0,1,41.1,2.5,0
2,01-06-2024 00:25,01-06-2024 00:30,1,0.9,1,N,48,142,1,7.9,1,0.5,2.58,0,1,15.48,2.5,0
2,01-06-2024 00:41,01-06-2024 00:48,2,0.92,1,N,230,107,1,7.9,1,0.5,2.58,0,1,15.48,2.5,0
2,01-06-2024 00:09,01-06-2024 00:27,1,2.9,1,N,224,48,1,18.4,1,0.5,4.68,0,1,28.08,2.5,0
2,01-06-2024 00:43,01-06-2024 00:56,1,3,1,N,90,229,1,15.6,1,0.5,2,0,1,22.6,2.5,0
2,01-06-2024 00:01,01-06-2024 00:02,1,0.05,2,N,113,113,4,-70,0,-0.5,0,0,-1,-74,-2.5,0
2,01-06-2024 00:01,01-06-2024 00:02,1,0.05,2,N,113,113,4,70,0,0.5,0,0,1,74,2.5,0
2,01-06-2024 00:24,01-06-2024 00:30,1,0.99,1,N,234,246,1,7.9,1,0.5,2.58,0,1,15.48,2.5,0
1,01-06-2024 00:28,01-06-2024 00:35,1,0.9,1,N,230,162,1,7.9,3.5,0.5,2.55,0,1,15.45,2.5,0
2,01-06-2024 00:53,01-06-2024 01:07,1,4.56,1,N,50,41,1,21.2,1,0.5,5.24,0,1,31.44,2.5,0
2,01-06-2024 00:52,01-06-2024 01:20,1,4.73,1,N,224,80,1,29.6,1,0.5,6.2,0,1,40.8,2.5,0
2,01-06-2024 00:18,01-06-2024 00:49,1,14.11,1,N,107,16,1,58.3,1,0.5,5,6.94,1,75.24,2.5,0
2,01-06-2024 00:35,01-06-2024 00:55,1,4.85,1,N,79,143,1,24,1,0.5,5.8,0,1,34.8,2.5,0
2,01-06-2024 00:29,01-06-2024 00:44,2,2.1,1,N,234,231,1,15.6,1,0.5,4.12,0,1,24.72,2.5,0
2,01-06-2024 00:47,01-06-2024 01:21,1,13.54,1,N,231,108,2,55.5,1,0.5,0,0,1,60.5,2.5,0
2,01-06-2024 00:05,01-06-2024 00:08,5,0.6,1,N,170,107,1,5.1,1,0.5,2.02,0,1,12.12,2.5,0
2,01-06-2024 00:45,01-06-2024 01:17,5,8.91,1,N,114,42,1,40.8,1,0.5,9.16,0,1,54.96,2.5,0
2,01-06-2024 00:07,01-06-2024 00:23,2,2.48,1,N,230,224,1,17,1,0.5,4.4,0,1,26.4,2.5,0
1,01-06-2024 00:37,01-06-2024 00:48,4,2,1,N,144,137,1,12.8,3.5,0.5,1,0,1,18.8,2.5,0
1,01-06-2024 00:54,01-06-2024 00:59,3,0.9,1,N,79,249,1,7.2,3.5,0.5,0,0,1,12.2,2.5,0
2,01-06-2024 00:37,01-06-2024 01:15,1,18.32,2,N,132,141,1,70,0,0.5,16.54,6.94,1,99.23,2.5,1.75
2,01-06-2024 00:13,01-06-2024 00:21,1,1.75,1,N,246,234,1,11.4,1,0.5,3.28,0,1,19.68,2.5,0
2,01-06-2024 00:27,01-06-2024 00:38,2,1.6,1,N,249,246,1,12.1,1,0.5,3.42,0,1,20.52,2.5,0
1,01-06-2024 00:45,01-06-2024 00:49,1,1.1,1,N,107,170,1,7.2,3.5,0.5,1,0,1,13.2,2.5,0
1,01-06-2024 00:02,01-06-2024 00:06,3,0.6,1,N,246,246,2,5.8,3.5,0.5,0,0,1,10.8,2.5,0
1,01-06-2024 00:07,01-06-2024 00:14,2,1.7,1,N,246,68,1,10,3.5,0.5,1,0,1,16,2.5,0
1,01-06-2024 00:17,01-06-2024 00:26,1,1.7,1,N,186,233,1,10.7,3.5,0.5,1,0,1,16.7,2.5,0
1,01-06-2024 00:43,01-06-2024 00:50,3,0.9,1,N,249,158,1,7.9,3.5,0.5,0,0,1,12.9,2.5,0
1,01-06-2024 00:51,01-06-2024 00:57,2,1.1,1,N,158,186,1,7.9,3.5,0.5,0,0,1,12.9,2.5,0
2,01-06-2024 00:51,01-06-2024 00:55,1,0.51,1,N,125,249,1,5.8,1,0.5,2.16,0,1,12.96,2.5,0
2,01-06-2024 00:25,01-06-2024 00:34,1,1.02,1,N,79,113,1,9.3,1,0.5,2.86,0,1,17.16,2.5,0
2,01-06-2024 00:39,01-06-2024 00:49,1,1.22,1,N,113,45,1,10.7,1,0.5,1,0,1,16.7,2.5,0
2,01-06-2024 00:51,01-06-2024 01:06,1,2.26,1,N,144,68,1,15.6,1,0.5,4.12,0,1,24.72,2.5,0
2,01-06-2024 00:43,01-06-2024 01:00,1,2.86,1,N,145,7,1,16.3,1,0.5,2,0,1,20.8,0,0
2,01-06-2024 00:17,01-06-2024 00:28,2,2.02,1,N,249,162,1,12.1,1,0.5,1.5,0,1,18.6,2.5,0
2,01-06-2024 00:10,01-06-2024 00:22,1,1.73,1,N,249,79,1,12.1,1,0.5,3.42,0,1,20.52,2.5,0
2,01-06-2024 00:30,01-06-2024 00:43,1,1.99,1,N,137,249,1,13.5,1,0.5,2,0,1,20.5,2.5,0
2,01-06-2024 00:53,01-06-2024 01:20,1,6.62,1,N,114,7,1,31,1,0.5,7.2,0,1,43.2,2.5,0
2,01-06-2024 00:03,01-06-2024 00:28,3,4.15,1,N,75,230,2,24.7,1,0.5,0,0,1,29.7,2.5,0
1,01-06-2024 00:15,01-06-2024 00:25,1,1.9,1,N,163,141,1,12.1,3.5,0.5,3.4,0,1,20.5,2.5,0
1,01-06-2024 00:40,01-06-2024 01:07,1,4.2,1,N,142,4,1,25.4,3.5,0.5,6.05,0,1,36.45,2.5,0
1,01-06-2024 00:11,01-06-2024 00:20,1,1.6,1,N,158,107,1,10.7,3.5,0.5,3.1,0,1,18.8,2.5,0
1,01-06-2024 00:26,01-06-2024 00:40,0,2.4,1,N,170,249,2,16.3,3.5,0.5,0,0,1,21.3,2.5,0
1,01-06-2024 00:45,01-06-2024 00:54,1,2.2,1,N,249,161,1,12.8,3.5,0.5,1,0,1,18.8,2.5,0
2,01-06-2024 00:31,01-06-2024 00:47,2,3.94,1,N,142,116,1,19.8,1,0.5,2,0,1,26.8,2.5,0
2,01-06-2024 00:59,01-06-2024 01:09,1,1.82,1,N,151,236,1,12.8,1,0.5,3.56,0,1,21.36,2.5,0
1,01-06-2024 00:09,01-06-2024 00:45,1,4.6,1,N,234,112,4,35.9,3.5,0.5,0,0,1,40.9,2.5,0
2,01-06-2024 00:09,01-06-2024 00:18,1,1.65,1,N,79,170,1,10,1,0.5,3,0,1,18,2.5,0
2,01-06-2024 00:32,01-06-2024 00:41,1,1.6,1,N,114,164,1,10.7,1,0.5,3.14,0,1,18.84,2.5,0
2,01-06-2024 00:42,01-06-2024 01:07,1,4.3,1,N,148,100,1,26.1,1,0.5,6.22,0,1,37.32,2.5,0
2,01-06-2024 00:24,01-06-2024 00:30,1,0.91,1,N,148,79,2,7.9,1,0.5,0,0,1,12.9,2.5,0
2,01-06-2024 00:09,01-06-2024 00:24,1,2.99,1,N,68,13,1,17.7,1,0.5,4.54,0,1,27.24,2.5,0
2,01-06-2024 00:42,01-06-2024 00:59,2,2.5,1,N,158,230,2,16.3,1,0.5,0,0,1,21.3,2.5,0
2,01-06-2024 00:47,01-06-2024 01:10,2,3.79,1,N,114,239,1,23.3,1,0.5,5.66,0,1,33.96,2.5,0
1,01-06-2024 00:26,01-06-2024 00:42,1,2.1,1,N,148,261,1,15.6,3.5,0.5,4.1,0,1,24.7,2.5,0
1,01-06-2024 00:11,01-06-2024 00:32,1,2.9,1,N,114,229,1,18.4,3.5,0.5,2.7,0,1,26.1,2.5,0
2,01-06-2024 00:21,01-06-2024 00:36,1,2.42,1,N,148,164,1,15.6,1,0.5,2.06,0,1,22.66,2.5,0
1,01-06-2024 00:14,01-06-2024 01:04,1,5.7,1,N,163,223,1,40.8,3.5,0.5,6.5,0,1,52.3,2.5,0
2,01-06-2024 00:30,01-06-2024 00:57,1,5.1,1,N,113,112,1,28.2,1,0.5,6.64,0,1,39.84,2.5,0
2,01-06-2024 00:17,01-06-2024 00:36,2,3.56,1,N,261,164,1,20.5,1,0.5,5,0,1,30.5,2.5,0
2,01-06-2024 00:50,01-06-2024 01:01,1,2.01,1,N,113,170,1,12.8,1,0.5,3.56,0,1,21.36,2.5,0
2,31-05-2024 23:45,01-06-2024 00:18,1,4.67,1,N,79,181,1,31,1,0.5,7.2,0,1,43.2,2.5,0
2,01-06-2024 00:37,01-06-2024 00:48,1,1.7,1,N,125,79,1,11.4,1,0.5,3.28,0,1,19.68,2.5,0
2,01-06-2024 00:50,01-06-2024 01:12,1,2.58,1,N,79,256,1,21.9,1,0.5,5.38,0,1,32.28,2.5,0
2,01-06-2024 00:24,01-06-2024 00:33,1,1.11,1,N,90,246,1,10,1,0.5,1,0,1,16,2.5,0
2,01-06-2024 00:39,01-06-2024 00:47,1,0.94,1,N,68,68,1,9.3,1,0.5,2.86,0,1,17.16,2.5,0
2,01-06-2024 00:49,01-06-2024 01:04,2,1.95,1,N,186,79,1,14.2,1,0.5,3.84,0,1,23.04,2.5,0
2,01-06-2024 00:35,01-06-2024 01:13,1,15.55,1,N,132,145,1,65.3,1,0.5,12,0,1,81.55,0,1.75
2,01-06-2024 00:06,01-06-2024 00:24,1,2.69,1,N,114,163,1,17.7,1,0.5,4.54,0,1,27.24,2.5,0
2,01-06-2024 00:49,01-06-2024 00:59,1,1.39,1,N,249,79,1,10.7,1,0.5,3.14,0,1,18.84,2.5,0
2,01-06-2024 00:10,01-06-2024 00:35,2,9.45,1,N,138,100,1,41.5,6,0.5,14.61,6.94,1,74.8,2.5,1.75
2,01-06-2024 00:43,01-06-2024 00:48,3,0.66,1,N,48,48,1,6.5,1,0.5,2.3,0,1,13.8,2.5,0
2,01-06-2024 00:43,01-06-2024 00:52,3,1.78,1,N,90,230,1,10.7,1,0.5,1,0,1,16.7,2.5,0
2,01-06-2024 00:06,01-06-2024 00:22,1,3.4,1,N,107,142,1,19.1,1,0.5,4.82,0,1,28.92,2.5,0
2,01-06-2024 00:59,01-06-2024 01:09,2,2.43,1,N,141,224,2,12.8,1,0.5,0,0,1,17.8,2.5,0
1,01-06-2024 00:30,01-06-2024 00:36,2,0.6,1,N,163,142,1,6.5,3.5,0.5,3,0,1,14.5,2.5,0
2,01-06-2024 00:14,01-06-2024 00:22,1,1.48,1,N,113,211,2,9.3,1,0.5,0,0,1,14.3,2.5,0
2,01-06-2024 00:27,01-06-2024 00:39,1,1.69,1,N,211,13,1,12.1,1,0.5,3.42,0,1,20.52,2.5,0
2,01-06-2024 00:52,01-06-2024 01:02,1,1.57,1,N,158,107,1,10.7,1,0.5,3.14,0,1,18.84,2.5,0
2,01-06-2024 00:00,01-06-2024 00:24,1,8.56,1,N,138,233,1,36.6,6,0.5,10.71,6.94,1,66,2.5,1.75
2,01-06-2024 00:55,01-06-2024 01:02,2,1.36,1,N,148,107,1,9.3,1,0.5,1,0,1,15.3,2.5,0
1,01-06-2024 00:28,01-06-2024 00:48,1,2.2,1,N,50,164,2,19.1,3.5,0.5,0,0,1,24.1,2.5,0
1,01-06-2024 00:51,01-06-2024 01:01,1,1.5,1,N,164,234,1,11.4,3.5,0.5,3.25,0,1,19.65,2.5,0
2,01-06-2024 00:05,01-06-2024 00:28,1,8.3,1,N,138,170,1,36.6,6,0.5,10,6.94,1,65.29,2.5,1.75
2,01-06-2024 00:51,01-06-2024 00:59,1,1.1,1,N,231,79,1,8.6,1,0.5,2.72,0,1,16.32,2.5,0
2,01-06-2024 00:26,01-06-2024 00:50,2,7.33,1,N,246,74,1,32.4,1,0.5,7.48,0,1,44.88,2.5,0
2,01-06-2024 00:47,01-06-2024 01:06,1,5.51,1,N,114,74,1,24.7,1,0.5,5.94,0,1,35.64,2.5,0
2,01-06-2024 00:01,01-06-2024 00:33,1,3.64,1,N,113,255,1,29.6,1,0.5,6.92,0,1,41.52,2.5,0
2,01-06-2024 00:34,01-06-2024 00:55,1,2.84,1,N,255,79,1,20.5,1,0.5,1,0,1,26.5,2.5,0
2,01-06-2024 00:59,01-06-2024 01:09,1,3.11,1,N,162,75,2,14.9,1,0.5,0,0,1,19.9,2.5,0
1,01-06-2024 00:44,01-06-2024 00:59,1,2.5,1,N,79,230,1,17,3.5,0.5,6.55,0,1,28.55,2.5,0
2,01-06-2024 00:34,01-06-2024 01:01,1,5.84,1,N,234,97,1,30.3,1,0.5,7.06,0,1,42.36,2.5,0
1,01-06-2024 00:23,01-06-2024 00:37,2,1.8,1,N,229,186,1,12.8,3.5,0.5,7,0,1,24.8,2.5,0
1,01-06-2024 00:38,01-06-2024 00:53,2,2.2,1,N,186,231,2,12.8,3.5,0.5,0,0,1,17.8,2.5,0
1,01-06-2024 00:56,01-06-2024 01:01,1,0.8,1,N,231,231,1,6.5,3.5,0.5,1,0,1,12.5,2.5,0
2,01-06-2024 00:27,01-06-2024 00:41,2,1.11,1,N,48,48,1,12.8,1,0.5,3.56,0,1,21.36,2.5,0
2,01-06-2024 00:57,01-06-2024 01:06,3,1.23,1,N,100,161,2,10,1,0.5,0,0,1,15,2.5,0
1,01-06-2024 00:11,01-06-2024 00:27,2,3.7,1,N,140,166,1,18.4,3.5,0.5,3,0,1,26.4,2.5,0
1,01-06-2024 00:55,01-06-2024 01:07,1,3,1,N,239,229,1,14.9,3.5,0.5,3.95,0,1,23.85,2.5,0
2,01-06-2024 00:00,01-06-2024 00:07,1,1,1,N,113,79,1,8.6,1,0.5,3.4,0,1,17,2.5,0
2,01-06-2024 00:10,01-06-2024 00:24,1,2.92,1,N,79,255,1,17,1,0.5,3.3,0,1,25.3,2.5,0
2,01-06-2024 00:23,01-06-2024 00:43,3,3.06,1,N,249,48,1,20.5,1,0.5,5.1,0,1,30.6,2.5,0
2,01-06-2024 00:05,01-06-2024 00:20,1,1.39,5,N,249,249,4,-9.86,0,-0.5,0,0,-1,-13.86,-2.5,0
2,01-06-2024 00:05,01-06-2024 00:20,1,1.39,5,N,249,90,4,9.86,0,0.5,0,0,1,13.86,2.5,0
2,01-06-2024 00:04,01-06-2024 00:10,2,1.67,1,N,237,140,1,8.6,1,0.5,1.46,0,1,15.06,2.5,0
2,01-06-2024 00:48,01-06-2024 01:01,3,1.83,1,N,161,142,1,13.5,1,0.5,2,0,1,20.5,2.5,0
1,01-06-2024 00:48,01-06-2024 00:58,2,0.9,1,N,148,231,1,10,3.5,0.5,2,0,1,17,2.5,0
2,01-06-2024 00:43,01-06-2024 00:58,1,7.91,1,N,138,263,1,31.7,6,0.5,9.73,6.94,1,60.12,2.5,1.75
1,01-06-2024 00:09,01-06-2024 00:23,1,2.7,1,N,142,236,2,14.2,3.5,0.5,0,0,1,19.2,2.5,0
1,01-06-2024 00:27,01-06-2024 00:36,1,1.8,1,N,263,43,1,10,3.5,0.5,3.75,0,1,18.75,2.5,0
2,01-06-2024 00:02,01-06-2024 00:11,1,1.38,1,N,249,144,1,10,1,0.5,3,0,1,18,2.5,0
2,01-06-2024 00:13,01-06-2024 00:23,1,1.07,1,N,144,148,1,10.7,1,0.5,3.14,0,1,18.84,2.5,0
1,01-06-2024 00:51,01-06-2024 00:54,1,0.5,1,N,144,231,1,4.4,3.5,0.5,1.5,0,1,10.9,2.5,0
2,01-06-2024 00:36,01-06-2024 00:47,2,1.27,1,N,148,231,1,11.4,1,0.5,3.28,0,1,19.68,2.5,0
2,01-06-2024 00:49,01-06-2024 01:16,2,2.18,1,N,231,79,1,23.3,1,0.5,5.66,0,1,33.96,2.5,0
2,01-06-2024 00:02,01-06-2024 00:52,2,15.51,1,N,230,14,1,66,1,0.5,14.2,0,1,85.2,2.5,0
2,01-06-2024 00:40,01-06-2024 01:00,1,4.4,1,N,148,48,1,23.3,1,0.5,0,0,1,28.3,2.5,0
1,01-06-2024 00:11,01-06-2024 00:19,1,0.9,1,N,163,100,1,8.6,3.5,0.5,4,0,1,17.6,2.5,0
1,01-06-2024 00:25,01-06-2024 00:37,1,2.5,1,N,170,140,1,12.8,3.5,0.5,4.45,0,1,22.25,2.5,0
1,01-06-2024 00:05,01-06-2024 00:15,4,2.3,1,N,79,229,1,12.8,3.5,0.5,3.55,0,1,21.35,2.5,0
1,01-06-2024 00:39,01-06-2024 01:22,2,3.5,1,N,144,80,1,37.3,3.5,0.5,12.65,0,1,54.95,2.5,0
2,01-06-2024 00:21,01-06-2024 00:50,1,4.29,1,N,249,255,1,28.2,1,0.5,8.3,0,1,41.5,2.5,0
2,01-06-2024 00:04,01-06-2024 00:11,1,0.67,1,N,234,79,1,7.9,1,0.5,2,0,1,14.9,2.5,0
2,01-06-2024 00:13,01-06-2024 00:21,1,2.13,1,N,79,229,1,11.4,1,0.5,2.46,0,1,18.86,2.5,0
2,01-06-2024 00:30,01-06-2024 00:46,1,3.36,1,N,164,263,1,19.1,1,0.5,4.82,0,1,28.92,2.5,0
2,01-06-2024 00:55,01-06-2024 01:14,1,4.49,1,N,114,262,1,21.9,1,0.5,5.38,0,1,32.28,2.5,0
2,01-06-2024 00:11,01-06-2024 01:00,1,5.75,1,N,234,7,1,42.2,1,0.5,9.44,0,1,56.64,2.5,0
1,01-06-2024 00:00,01-06-2024 00:00,3,0,1,N,239,264,2,13.5,3.5,0.5,0,0,1,18.5,2.5,0
1,01-06-2024 00:28,01-06-2024 00:30,1,0.5,1,N,90,186,1,4.4,3.5,0.5,1.85,0,1,11.25,2.5,0
1,01-06-2024 00:33,01-06-2024 01:12,1,4.5,1,N,186,256,1,30.3,3.5,0.5,7.05,0,1,42.35,2.5,0
1,01-06-2024 00:15,01-06-2024 00:21,1,1.1,1,N,48,143,1,8.6,3.5,0.5,4.05,0,1,17.65,2.5,0
2,01-06-2024 00:14,01-06-2024 00:32,1,3.87,1,N,234,262,1,19.1,1,0.5,0,0,1,24.1,2.5,0
2,01-06-2024 00:07,01-06-2024 00:32,2,4.65,1,N,90,263,1,24.7,1,0.5,5.94,0,1,35.64,2.5,0
2,01-06-2024 00:54,01-06-2024 01:10,1,4.16,1,N,230,75,1,19.8,1,0.5,4.96,0,1,29.76,2.5,0
2,01-06-2024 00:13,01-06-2024 00:45,6,9.23,1,N,231,244,1,44.3,1,0.5,9.86,0,1,59.16,2.5,0
2,01-06-2024 00:10,01-06-2024 00:15,1,0.93,1,N,68,107,1,6.5,1,0.5,2.3,0,1,13.8,2.5,0
2,01-06-2024 00:16,01-06-2024 00:19,1,1.11,1,N,239,151,1,6.5,1,0.5,1.72,0,1,13.22,2.5,0
2,01-06-2024 00:49,01-06-2024 01:03,1,2.08,1,N,90,142,1,14.2,1,0.5,2,0,1,21.2,2.5,0
2,01-06-2024 00:17,01-06-2024 00:45,1,4.72,1,N,90,33,1,26.8,1,0.5,4.77,0,1,36.57,2.5,0
2,01-06-2024 00:48,01-06-2024 01:01,5,1.82,1,N,249,224,2,12.8,1,0.5,0,0,1,17.8,2.5,0
2,01-06-2024 00:31,01-06-2024 01:01,1,6.75,1,N,13,151,1,35.2,1,0.5,12.06,0,1,52.26,2.5,0
2,01-06-2024 00:21,01-06-2024 00:26,2,0.81,1,N,231,209,1,6.5,1,0.5,2.3,0,1,13.8,2.5,0
2,01-06-2024 00:37,01-06-2024 00:46,2,1.21,1,N,211,158,1,10,1,0.5,3,0,1,18,2.5,0
1,01-06-2024 00:26,01-06-2024 00:36,1,1.5,1,N,249,79,1,10.7,3.5,0.5,3.14,0,1,18.84,2.5,0
1,01-06-2024 00:40,01-06-2024 01:04,1,4.3,1,N,148,80,1,26.1,3.5,0.5,6.2,0,1,37.3,2.5,0
2,01-06-2024 00:10,01-06-2024 00:27,1,4.31,1,N,236,116,1,21.2,1,0.5,5.24,0,1,31.44,2.5,0
2,01-06-2024 00:03,01-06-2024 00:13,1,2.64,1,N,79,141,1,13.5,1,0.5,2.5,0,1,21,2.5,0
2,01-06-2024 00:52,01-06-2024 01:10,1,6.07,1,N,229,42,1,27.5,1,0.5,6.5,0,1,39,2.5,0
2,01-06-2024 00:23,01-06-2024 00:38,2,2.41,1,N,264,264,1,15.6,1,0.5,4.12,0,1,24.72,2.5,0
1,01-06-2024 00:00,01-06-2024 00:07,5,1.6,1,N,264,264,1,9.3,1,0.5,2.86,2.5,1,17.16,0,0
1,01-06-2024 00:29,01-06-2024 00:43,5,2.2,1,N,264,264,1,12.8,1,0.5,3.55,2.5,1,21.35,0,0
2,01-06-2024 00:22,01-06-2024 00:23,1,0.23,1,N,158,158,1,3.7,1,0.5,1.74,0,1,10.44,2.5,0
2,01-06-2024 00:33,01-06-2024 00:44,2,1.57,1,N,90,48,1,11.4,1,0.5,4.1,0,1,20.5,2.5,0
1,01-06-2024 00:21,01-06-2024 00:42,1,4.9,1,N,230,42,1,21.9,3.5,0.5,4,0,1,30.9,2.5,0
2,31-05-2024 23:59,01-06-2024 00:44,3,4.18,1,N,234,80,1,40.1,1,0.5,9.02,0,1,54.12,2.5,0
2,01-06-2024 00:08,01-06-2024 00:51,1,8.31,1,N,163,37,2,45,1,0.5,0,0,1,50,2.5,0
2,01-06-2024 00:24,01-06-2024 01:00,1,19.58,2,N,132,231,1,70,0,0.5,14.8,0,1,90.55,2.5,1.75
2,01-06-2024 00:10,01-06-2024 00:24,1,3.42,1,N,79,263,1,17,1,0.5,4.4,0,1,26.4,2.5,0
2,01-06-2024 00:02,01-06-2024 00:15,1,2.76,1,N,158,162,1,15.6,1,0.5,4.12,0,1,24.72,2.5,0
2,01-06-2024 00:20,01-06-2024 00:26,1,0.58,1,N,170,233,1,7.2,1,0.5,1.2,0,1,13.4,2.5,0
2,01-06-2024 00:42,01-06-2024 00:52,1,1.47,1,N,114,107,1,11.4,1,0.5,3.28,0,1,19.68,2.5,0
2,01-06-2024 00:57,01-06-2024 01:08,1,1.23,1,N,79,114,1,11.4,1,0.5,3.28,0,1,19.68,2.5,0
2,01-06-2024 00:19,01-06-2024 00:37,4,2.01,1,N,231,79,1,17,1,0.5,4.4,0,1,26.4,2.5,0
2,01-06-2024 00:01,01-06-2024 00:15,2,1.91,1,N,113,137,2,14.9,1,0.5,0,0,1,19.9,2.5,0
2,01-06-2024 00:32,01-06-2024 00:53,1,2.17,1,N,107,148,1,19.8,1,0.5,4.96,0,1,29.76,2.5,0
2,01-06-2024 00:55,01-06-2024 00:59,2,0.22,1,N,148,148,1,5.8,1,0.5,2.16,0,1,12.96,2.5,0
2,01-06-2024 00:47,01-06-2024 01:26,3,7.29,1,N,144,238,1,39.4,1,0.5,8.88,0,1,53.28,2.5,0
1,01-06-2024 00:01,01-06-2024 00:08,1,1.3,1,N,107,158,1,7.9,3.5,0.5,2.6,0,1,15.5,2.5,0
1,01-06-2024 00:09,01-06-2024 00:32,1,5.8,1,N,158,262,1,24,3.5,0.5,5.8,0,1,34.8,2.5,0
1,01-06-2024 00:31,01-06-2024 00:37,4,0.7,1,N,234,164,1,6.5,3.5,0.5,0,0,1,11.5,2.5,0
1,01-06-2024 00:41,01-06-2024 00:51,2,1.8,1,N,234,144,1,11.4,3.5,0.5,1,0,1,17.4,2.5,0
1,01-06-2024 00:54,01-06-2024 01:24,2,3.4,1,N,114,255,1,24,3.5,0.5,5.8,0,1,34.8,2.5,0
1,01-06-2024 00:48,01-06-2024 01:03,1,2.3,1,N,113,48,1,16.3,3.5,0.5,4.25,0,1,25.55,2.5,0
2,01-06-2024 00:26,01-06-2024 01:01,2,13.89,1,N,255,142,1,56.9,1,0.5,13.77,6.94,1,82.61,2.5,0
2,01-06-2024 00:03,01-06-2024 00:12,1,1.87,1,N,263,142,1,11.4,1,0.5,2,0,1,18.4,2.5,0
2,01-06-2024 00:18,01-06-2024 00:34,2,2.63,1,N,142,262,1,17,1,0.5,2.2,0,1,24.2,2.5,0
1,01-06-2024 00:15,01-06-2024 00:23,1,2.2,1,N,142,166,1,10.7,3.5,0.5,3,0,1,18.7,2.5,0
1,01-06-2024 00:52,01-06-2024 01:04,1,2.8,1,N,161,238,1,13.5,3.5,0.5,4.65,0,1,23.15,2.5,0
2,01-06-2024 00:01,01-06-2024 01:03,1,24.86,1,N,138,7,1,101.7,6,0.5,21.84,0,1,132.79,0,1.75
1,01-06-2024 00:10,01-06-2024 00:29,4,4.4,1,N,164,263,1,21.9,3.5,0.5,5.35,0,1,32.25,2.5,0
2,01-06-2024 00:27,01-06-2024 00:31,2,0.69,1,N,263,75,2,5.8,1,0.5,0,0,1,10.8,2.5,0
2,01-06-2024 00:36,01-06-2024 00:39,2,0.86,1,N,236,237,1,6.5,1,0.5,2.3,0,1,13.8,2.5,0
2,01-06-2024 00:42,01-06-2024 00:49,2,1.86,1,N,162,263,1,10,1,0.5,3,0,1,18,2.5,0
2,01-06-2024 00:52,01-06-2024 00:57,2,1.2,1,N,263,238,2,8.6,1,0.5,0,0,1,13.6,2.5,0
2,01-06-2024 00:25,01-06-2024 00:37,1,2.67,1,N,48,249,1,14.9,1,0.5,3.98,0,1,23.88,2.5,0
2,01-06-2024 00:48,01-06-2024 01:02,1,2.63,1,N,249,233,1,15.6,1,0.5,4.12,0,1,24.72,2.5,0
1,01-06-2024 00:19,01-06-2024 00:25,1,1.3,1,N,249,186,1,9.3,3.5,0.5,0,0,1,14.3,2.5,0
1,01-06-2024 00:40,01-06-2024 00:49,1,1.5,1,N,163,186,1,10.7,3.5,0.5,2,0,1,17.7,2.5,0
2,31-05-2024 23:58,01-06-2024 00:04,3,1.34,1,N,249,231,1,8.6,1,0.5,2.72,0,1,16.32,2.5,0
2,01-06-2024 00:20,01-06-2024 00:29,4,0.9,1,N,249,114,1,9.3,1,0.5,2,0,1,16.3,2.5,0
2,01-06-2024 00:51,01-06-2024 01:06,2,2.62,1,N,249,170,1,16.3,1,0.5,4.26,0,1,25.56,2.5,0
1,01-06-2024 00:34,01-06-2024 01:08,1,5.3,1,N,68,80,2,29.6,3.5,0.5,0,6.94,1,41.54,2.5,0
2,01-06-2024 00:58,01-06-2024 01:02,1,0.68,1,N,229,141,1,5.8,1,0.5,2.16,0,1,12.96,2.5,0
2,01-06-2024 00:40,01-06-2024 00:50,1,2.06,1,N,74,42,1,12.1,1,0.5,2.92,0,1,17.52,0,0
2,01-06-2024 00:24,01-06-2024 00:39,1,2.97,1,N,246,142,1,17,1,0.5,5.5,0,1,27.5,2.5,0
2,01-06-2024 00:29,01-06-2024 00:38,2,2.35,1,N,48,238,1,12.1,1,0.5,3.42,0,1,20.52,2.5,0
2,01-06-2024 00:06,01-06-2024 00:22,1,1.8,1,N,230,233,1,14.9,1,0.5,4.97,0,1,24.87,2.5,0
2,01-06-2024 00:43,01-06-2024 01:21,1,4.52,1,N,161,7,1,33.1,1,0.5,5,0,1,43.1,2.5,0
2,01-06-2024 00:07,01-06-2024 00:10,1,0.37,1,N,114,148,1,5.1,1,0.5,2.02,0,1,12.12,2.5,0
2,01-06-2024 00:50,01-06-2024 00:56,1,0.88,1,N,238,151,1,7.9,1,0.5,0,0,1,12.9,2.5,0
2,01-06-2024 00:18,01-06-2024 00:27,1,1.75,1,N,144,261,1,11.4,1,0.5,3.28,0,1,19.68,2.5,0
1,01-06-2024 00:08,01-06-2024 00:16,2,1.1,1,N,161,100,1,7.9,3.5,0.5,2.6,0,1,15.5,2.5,0
1,01-06-2024 00:22,01-06-2024 00:34,2,1.8,1,N,234,148,1,11.4,3.5,0.5,3,0,1,19.4,2.5,0
1,01-06-2024 00:48,01-06-2024 00:58,3,2.4,1,N,79,229,1,12.1,3.5,0.5,3.42,0,1,20.52,2.5,0
2,01-06-2024 00:27,01-06-2024 00:44,2,2.28,1,N,231,79,1,17,1,0.5,5.5,0,1,27.5,2.5,0
1,01-06-2024 00:04,01-06-2024 00:12,3,1,1,N,107,234,1,9.3,3.5,0.5,1,0,1,15.3,2.5,0
1,01-06-2024 00:15,01-06-2024 00:43,2,4.7,1,N,234,256,1,28.9,3.5,0.5,6.75,0,1,40.65,2.5,0
2,01-06-2024 00:14,01-06-2024 00:15,1,0.14,1,N,162,162,2,3,1,0.5,0,0,1,8,2.5,0
2,01-06-2024 00:17,01-06-2024 00:51,1,10.54,1,N,132,225,2,45.7,1,0.5,0,0,1,49.95,0,1.75
1,01-06-2024 00:08,01-06-2024 00:13,2,0.4,1,N,114,114,1,6.5,3.5,0.5,2,0,1,13.5,2.5,0
1,01-06-2024 00:26,01-06-2024 00:39,1,1.7,1,N,79,68,1,13.5,3.5,0.5,3.7,0,1,22.2,2.5,0
1,01-06-2024 00:49,01-06-2024 01:01,2,1.9,1,N,249,161,1,13.5,3.5,0.5,3.7,0,1,22.2,2.5,0
2,01-06-2024 00:26,01-06-2024 00:41,3,2.57,1,N,48,143,1,15.6,1,0.5,1,0,1,21.6,2.5,0
2,01-06-2024 00:12,01-06-2024 00:23,3,1.58,1,N,48,164,1,11.4,1,0.5,3.28,0,1,19.68,2.5,0
2,01-06-2024 00:28,01-06-2024 00:34,1,1.13,1,N,234,162,1,7.9,1,0.5,2.58,0,1,15.48,2.5,0
2,01-06-2024 00:37,01-06-2024 00:46,1,3.05,1,N,162,74,1,14.2,1,0.5,0,0,1,19.2,2.5,0
1,01-06-2024 00:47,01-06-2024 00:55,3,1,1,N,114,125,1,7.9,3.5,0.5,2.55,0,1,15.45,2.5,0
1,01-06-2024 00:08,01-06-2024 00:21,1,1.7,1,N,148,231,1,13.5,3.5,0.5,3.7,0,1,22.2,2.5,0
1,01-06-2024 00:33,01-06-2024 00:48,2,2.7,1,N,114,163,2,16.3,3.5,0.5,0,0,1,21.3,2.5,0
2,01-06-2024 00:25,01-06-2024 00:35,2,1.91,1,N,79,164,1,12.8,1,0.5,1,0,1,18.8,2.5,0
2,01-06-2024 00:38,01-06-2024 00:51,2,3.04,1,N,164,141,1,16.3,1,0.5,4.26,0,1,25.56,2.5,0
2,01-06-2024 00:55,01-06-2024 01:01,1,0.83,1,N,230,161,1,7.2,1,0.5,1,0,1,13.2,2.5,0
2,01-06-2024 00:18,01-06-2024 00:42,1,3.39,1,N,148,48,1,22.6,1,0.5,5.52,0,1,33.12,2.5,0
2,01-06-2024 00:29,01-06-2024 00:46,1,3.52,1,N,68,239,1,19.1,1,0.5,3,0,1,27.1,2.5,0
2,01-06-2024 00:56,01-06-2024 01:47,1,5.42,1,N,163,129,2,44.3,1,0.5,0,0,1,49.3,2.5,0
2,01-06-2024 00:49,01-06-2024 00:55,1,1.32,1,N,137,79,4,-8.6,-1,-0.5,0,0,-1,-13.6,-2.5,0
2,01-06-2024 00:49,01-06-2024 00:55,1,1.32,1,N,137,79,4,8.6,1,0.5,0,0,1,13.6,2.5,0
2,01-06-2024 00:59,01-06-2024 01:09,1,3,1,N,79,141,1,14.2,1,0.5,2,0,1,21.2,2.5,0
2,01-06-2024 00:07,01-06-2024 00:13,1,0.82,1,N,229,170,1,7.9,1,0.5,2.58,0,1,15.48,2.5,0
2,01-06-2024 00:25,01-06-2024 00:34,1,2.16,1,N,170,107,1,12.1,1,0.5,3.42,0,1,20.52,2.5,0
2,01-06-2024 00:11,01-06-2024 00:26,3,2.71,1,N,234,229,1,16.3,1,0.5,2,0,1,23.3,2.5,0
2,01-06-2024 00:18,01-06-2024 00:27,1,1.94,1,N,74,42,2,11.4,1,0.5,0,0,1,13.9,0,0
2,01-06-2024 00:36,01-06-2024 01:12,1,7.39,1,N,255,89,1,40.1,1,0.5,8.52,0,1,51.12,0,0
1,01-06-2024 00:31,01-06-2024 00:39,2,1.2,1,N,100,137,1,8.6,3.5,0.5,3,0,1,16.6,2.5,0
1,01-06-2024 00:46,01-06-2024 01:00,1,3,1,N,234,142,1,14.9,3.5,0.5,4,0,1,23.9,2.5,0
2,01-06-2024 00:08,01-06-2024 00:14,3,1.32,1,N,239,237,1,9.3,1,0.5,2.86,0,1,17.16,2.5,0
2,31-05-2024 23:41,31-05-2024 23:59,1,4.95,1,N,234,87,1,24.7,1,0.5,5.94,0,1,35.64,2.5,0
2,01-06-2024 00:12,01-06-2024 00:21,1,1.57,1,N,125,164,1,10.7,1,0.5,3.92,0,1,19.62,2.5,0
2,01-06-2024 00:31,01-06-2024 00:54,1,4.23,1,N,249,142,1,23.3,1,0.5,0.08,0,1,28.38,2.5,0
2,01-06-2024 00:12,01-06-2024 00:41,1,5.63,1,N,113,112,1,31.7,1,0.5,5,0,1,41.7,2.5,0
2,01-06-2024 00:29,01-06-2024 00:47,2,9.94,1,N,132,39,2,39.4,1,0.5,0,0,1,43.65,0,1.75
2,01-06-2024 00:15,01-06-2024 00:31,1,2.42,1,N,230,114,1,16.3,1,0.5,4.26,0,1,25.56,2.5,0
2,01-06-2024 00:35,01-06-2024 00:45,1,1.68,1,N,114,87,1,11.4,1,0.5,1,0,1,17.4,2.5,0
2,01-06-2024 00:46,01-06-2024 00:58,4,2.01,1,N,87,249,2,13.5,1,0.5,0,0,1,18.5,2.5,0
1,01-06-2024 00:27,01-06-2024 00:31,1,0.6,1,N,164,137,1,5.8,3.5,0.5,2.15,0,1,12.95,2.5,0
1,01-06-2024 00:32,01-06-2024 00:36,1,0.9,1,N,137,233,1,6.5,3.5,0.5,0,0,1,11.5,2.5,0
1,01-06-2024 00:55,01-06-2024 01:06,1,1.8,1,N,79,233,1,12.1,3.5,0.5,2.57,0,1,19.67,2.5,0
1,01-06-2024 00:46,01-06-2024 01:30,1,12.5,1,N,132,61,2,51.3,2.75,0.5,0,0,1,55.55,0,1.75
1,01-06-2024 00:02,01-06-2024 00:09,0,1.9,1,N,161,236,1,10,3.5,0.5,3,0,1,18,2.5,0
1,01-06-2024 00:21,01-06-2024 00:30,0,1.2,1,N,163,229,1,10.7,3.5,0.5,1,0,1,16.7,2.5,0
2,01-06-2024 00:15,01-06-2024 00:19,3,0.81,1,N,236,237,1,7.2,1,0.5,2.44,0,1,14.64,2.5,0
2,01-06-2024 00:35,01-06-2024 00:46,1,1.41,1,N,142,186,1,11.4,1,0.5,3.28,0,1,19.68,2.5,0
2,01-06-2024 00:59,01-06-2024 01:06,2,1.09,1,N,164,90,1,8.6,1,0.5,3.4,0,1,17,2.5,0
2,01-06-2024 00:17,01-06-2024 00:46,5,8.43,1,N,100,129,2,38.7,1,0.5,0,6.94,1,50.64,2.5,0
2,01-06-2024 00:01,01-06-2024 00:15,1,3.04,1,N,249,87,1,17,1,0.5,4.4,0,1,26.4,2.5,0
2,01-06-2024 00:19,01-06-2024 00:29,1,1.61,1,N,87,148,1,10.7,1,0.5,3.14,0,1,18.84,2.5,0
2,01-06-2024 00:30,01-06-2024 00:38,1,1.27,1,N,148,224,1,10,1,0.5,3,0,1,18,2.5,0
1,01-06-2024 00:00,01-06-2024 00:09,1,0.4,1,N,148,148,1,8.6,3.5,0.5,3.4,0,1,17,2.5,0
1,01-06-2024 00:09,01-06-2024 00:27,2,2,1,N,148,224,1,16.3,3.5,0.5,5.35,0,1,26.65,2.5,0
1,01-06-2024 00:29,01-06-2024 00:48,1,4,1,N,224,239,1,19.1,3.5,0.5,4.8,0,1,28.9,2.5,0
2,01-06-2024 00:56,01-06-2024 01:04,1,1.62,1,N,237,263,1,10.7,1,0.5,3.14,0,1,18.84,2.5,0
1,01-06-2024 00:01,01-06-2024 00:10,1,1.7,1,N,144,137,1,9.3,3.5,0.5,2,0,1,16.3,2.5,0
1,01-06-2024 00:13,01-06-2024 00:24,1,2.2,1,N,170,263,1,12.1,3.5,0.5,3,0,1,20.1,2.5,0
1,01-06-2024 00:25,01-06-2024 00:27,1,0.2,1,N,263,263,1,3.7,3.5,0.5,1,0,1,9.7,2.5,0
2,01-06-2024 00:08,01-06-2024 00:49,1,11.9,1,N,132,82,2,57.6,1,0.5,0,0,1,61.85,0,1.75
1,01-06-2024 00:44,01-06-2024 01:00,1,4.5,1,N,43,113,1,20.5,3.5,0.5,6.4,0,1,31.9,2.5,0
2,01-06-2024 00:18,01-06-2024 00:23,1,1.39,1,N,170,229,1,7.9,1,0.5,1.94,0,1,14.84,2.5,0
2,01-06-2024 00:42,01-06-2024 00:48,1,1.31,1,N,170,113,1,8.6,1,0.5,2.72,0,1,16.32,2.5,0
2,01-06-2024 00:51,01-06-2024 01:00,1,1.34,1,N,113,125,1,10.7,1,0.5,3.14,0,1,18.84,2.5,0
2,01-06-2024 00:14,01-06-2024 00:26,1,1.64,1,N,125,79,1,12.8,1,0.5,2,0,1,19.8,2.5,0
2,01-06-2024 00:05,01-06-2024 00:09,1,0.73,1,N,230,68,1,6.5,1,0.5,2.3,0,1,13.8,2.5,0
2,01-06-2024 00:18,01-06-2024 00:29,4,1.28,1,N,230,233,1,10.7,1,0.5,3.14,0,1,18.84,2.5,0
2,01-06-2024 00:21,01-06-2024 01:05,3,10.61,1,N,234,198,2,51.3,1,0.5,0,0,1,56.3,2.5,0
2,01-06-2024 00:39,01-06-2024 01:11,1,3.48,1,N,79,80,1,29.6,1,0.5,1,0,1,35.6,2.5,0
2,01-06-2024 00:04,01-06-2024 00:54,1,30.66,4,N,132,265,1,131.8,1,0.5,35.31,6.94,1,178.3,0,1.75
2,01-06-2024 00:42,01-06-2024 00:49,4,1.24,1,N,163,141,1,8.6,1,0.5,2.72,0,1,16.32,2.5,0
2,01-06-2024 00:54,01-06-2024 01:08,5,2.37,1,N,162,234,1,14.9,1,0.5,3.98,0,1,23.88,2.5,0
1,01-06-2024 00:08,01-06-2024 00:26,3,2,1,N,234,231,1,16.3,3.5,0.5,5,0,1,26.3,2.5,0
2,01-06-2024 00:27,01-06-2024 01:04,1,13.06,1,N,132,181,1,54.8,1,0.5,0,0,1,57.3,0,0
2,01-06-2024 00:26,01-06-2024 00:31,3,1.2,1,N,186,249,1,7.2,1,0.5,0,0,1,12.2,2.5,0
2,01-06-2024 00:33,01-06-2024 00:44,4,1.38,1,N,158,144,1,11.4,1,0.5,3.28,0,1,19.68,2.5,0
2,01-06-2024 00:57,01-06-2024 01:01,4,0.6,1,N,144,249,1,5.8,1,0.5,2.16,0,1,12.96,2.5,0
2,01-06-2024 00:48,01-06-2024 00:53,1,0.92,1,N,141,262,1,7.2,1,0.5,1.83,0,1,14.03,2.5,0
2,01-06-2024 00:55,01-06-2024 01:04,2,1.05,1,N,144,231,1,9.3,1,0.5,2.86,0,1,17.16,2.5,0
2,01-06-2024 00:14,01-06-2024 00:14,2,0.02,2,N,229,229,2,70,0,0.5,0,0,1,74,2.5,0
2,01-06-2024 00:14,01-06-2024 00:21,2,1.23,1,N,229,148,1,8.6,1,0.5,2.72,0,1,16.32,2.5,0
2,01-06-2024 00:34,01-06-2024 00:55,1,5.13,1,N,144,236,1,26.1,1,0.5,6.22,0,1,37.32,2.5,0
2,01-06-2024 00:11,01-06-2024 01:00,5,3.85,1,N,234,255,1,41.5,1,0.5,2,0,1,48.5,2.5,0
2,01-06-2024 00:38,01-06-2024 01:17,1,17.05,2,N,132,90,1,70,0,0.5,16.19,6.94,1,97.13,2.5,0
2,01-06-2024 00:17,01-06-2024 00:34,1,2.06,1,N,164,148,1,16.3,1,0.5,4.26,0,1,25.56,2.5,0
2,01-06-2024 00:52,01-06-2024 01:07,1,3.45,1,N,79,246,1,17.7,1,0.5,4.54,0,1,27.24,2.5,0
2,01-06-2024 00:10,01-06-2024 00:22,1,3.75,1,N,163,74,1,17,1,0.5,1,0,1,23,2.5,0
2,01-06-2024 00:43,01-06-2024 01:10,1,7.26,1,N,162,97,1,33.8,1,0.5,11.64,0,1,50.44,2.5,0
2,01-06-2024 00:27,01-06-2024 00:37,1,1.48,1,N,161,68,1,10.7,1,0.5,3.14,0,1,18.84,2.5,0
2,01-06-2024 00:46,01-06-2024 01:25,1,11.34,1,N,246,25,2,51.3,1,0.5,0,0,1,56.3,2.5,0
2,01-06-2024 00:26,01-06-2024 01:02,1,16.64,2,N,132,137,1,70,0,0.5,16.19,6.94,1,98.88,2.5,1.75
1,01-06-2024 00:11,01-06-2024 00:38,2,6.5,1,N,90,236,1,32.4,3.5,0.5,9.3,0,1,46.7,2.5,0
2,01-06-2024 00:48,01-06-2024 01:01,1,2.15,1,N,162,113,1,14.2,1,0.5,3.84,0,1,23.04,2.5,0
2,01-06-2024 00:25,01-06-2024 00:30,1,0.66,1,N,114,144,1,6.5,1,0.5,1,0,1,12.5,2.5,0
2,01-06-2024 00:25,01-06-2024 00:50,1,6.34,1,N,36,181,2,32.4,1,0.5,0,0,1,34.9,0,0
1,01-06-2024 00:09,01-06-2024 00:15,2,2,1,N,233,262,1,10.7,3.5,0.5,3.1,0,1,18.8,2.5,0
2,01-06-2024 00:18,01-06-2024 00:26,1,1.65,1,N,137,79,1,10,1,0.5,3,0,1,18,2.5,0
2,01-06-2024 00:27,01-06-2024 00:35,1,1.04,1,N,79,113,2,9.3,1,0.5,0,0,1,14.3,2.5,0
2,01-06-2024 00:18,01-06-2024 00:34,2,3.33,1,N,230,41,1,18.4,1,0.5,4.68,0,1,28.08,2.5,0
2,01-06-2024 00:19,01-06-2024 00:22,1,0.7,1,N,48,48,1,5.8,1,0.5,3.2,0,1,14,2.5,0
2,01-06-2024 00:24,01-06-2024 00:38,1,2.43,1,N,48,137,1,14.9,1,0.5,3.98,0,1,23.88,2.5,0
2,01-06-2024 00:51,01-06-2024 01:00,1,3.53,1,N,107,236,1,15.6,1,0.5,4.12,0,1,24.72,2.5,0
2,01-06-2024 00:51,01-06-2024 01:03,1,1.64,1,N,79,158,1,12.1,1,0.5,2.9,0,1,20,2.5,0
1,01-06-2024 00:52,01-06-2024 01:20,1,6.4,1,N,132,122,2,27.5,2.75,0.5,0,0,1,31.75,0,1.75
2,01-06-2024 00:34,01-06-2024 00:38,1,0.67,1,N,107,170,1,5.8,1,0.5,2.16,0,1,12.96,2.5,0
2,01-06-2024 00:42,01-06-2024 00:59,3,4.63,1,N,79,142,1,22.6,1,0.5,6.9,0,1,34.5,2.5,0
2,01-06-2024 00:19,01-06-2024 00:27,1,1.32,1,N,90,125,1,9.3,1,0.5,2.86,0,1,17.16,2.5,0
2,01-06-2024 00:39,01-06-2024 00:44,1,1.08,1,N,231,249,1,7.9,1,0.5,2.58,0,1,15.48,2.5,0
2,01-06-2024 00:57,01-06-2024 01:05,1,1.06,1,N,249,211,1,8.6,1,0.5,3,0,1,16.6,2.5,0
2,01-06-2024 00:24,01-06-2024 00:39,1,2.05,1,N,114,79,1,14.9,1,0.5,5.97,0,1,25.87,2.5,0
2,01-06-2024 00:41,01-06-2024 00:55,1,1.8,1,N,79,158,1,14.2,1,0.5,3.84,0,1,23.04,2.5,0
2,01-06-2024 00:33,01-06-2024 00:48,1,2.27,1,N,170,144,1,15.6,1,0.5,4.12,0,1,24.72,2.5,0
2,01-06-2024 00:54,01-06-2024 01:03,1,0.82,1,N,144,79,2,9.3,1,0.5,0,0,1,14.3,2.5,0
2,01-06-2024 00:34,01-06-2024 00:38,1,1.14,1,N,236,237,1,7.2,1,0.5,2.44,0,1,14.64,2.5,0
2,01-06-2024 00:43,01-06-2024 00:49,1,2.77,1,N,229,75,1,12.1,1,0.5,4.28,0,1,21.38,2.5,0
2,01-06-2024 00:54,01-06-2024 01:00,1,1.33,1,N,236,238,1,8.6,1,0.5,3.4,0,1,17,2.5,0
2,01-06-2024 00:06,01-06-2024 00:21,1,2.16,1,N,230,113,1,14.2,1,0.5,2.88,0,1,22.08,2.5,0
2,01-06-2024 00:26,01-06-2024 00:45,1,2.93,1,N,249,163,1,19.1,1,0.5,4.82,0,1,28.92,2.5,0
2,01-06-2024 00:01,01-06-2024 00:10,2,2.45,1,N,230,263,1,12.1,1,0.5,3.42,0,1,20.52,2.5,0
2,01-06-2024 00:19,01-06-2024 00:44,1,4.79,1,N,239,125,1,25.4,1,0.5,6.08,0,1,36.48,2.5,0
2,01-06-2024 00:49,01-06-2024 00:58,1,1.15,1,N,114,249,1,10,1,0.5,3,0,1,18,2.5,0
2,01-06-2024 00:00,01-06-2024 00:05,1,0.69,1,N,186,234,1,6.5,1,0.5,2,0,1,13.5,2.5,0
2,01-06-2024 00:46,01-06-2024 00:58,1,1.5,1,N,249,79,1,12.1,1,0.5,3.42,0,1,20.52,2.5,0
2,01-06-2024 00:59,01-06-2024 01:13,1,4.1,1,N,79,263,1,19.1,1,0.5,4.82,0,1,28.92,2.5,0
2,01-06-2024 00:02,01-06-2024 00:06,1,1.17,1,N,107,233,1,7.2,1,0.5,2,0,1,14.2,2.5,0
2,01-06-2024 00:10,01-06-2024 00:15,1,1.32,1,N,229,263,1,8.6,1,0.5,2.04,0,1,15.64,2.5,0
2,01-06-2024 00:21,01-06-2024 00:25,1,0.96,1,N,263,141,1,6.5,1,0.5,2.3,0,1,13.8,2.5,0
2,01-06-2024 00:32,01-06-2024 00:40,1,2.23,1,N,236,41,1,11.4,1,0.5,4.1,0,1,20.5,2.5,0
2,01-06-2024 00:24,01-06-2024 00:29,1,0.71,1,N,113,79,1,6.5,1,0.5,2.3,0,1,13.8,2.5,0
2,01-06-2024 00:56,01-06-2024 01:03,1,1,1,N,114,158,1,8.6,1,0.5,4,0,1,17.6,2.5,0
2,01-06-2024 00:13,01-06-2024 00:21,1,2.48,1,N,137,140,1,12.1,1,0.5,3.42,0,1,20.52,2.5,0
2,01-06-2024 00:20,01-06-2024 00:32,1,2.19,1,N,143,236,1,14.2,1,0.5,3.84,0,1,23.04,2.5,0
2,01-06-2024 00:36,01-06-2024 00:54,1,3.49,1,N,236,107,1,19.1,1,0.5,4.82,0,1,28.92,2.5,0
2,01-06-2024 00:29,01-06-2024 00:41,1,0.85,1,N,161,230,2,12.1,1,0.5,0,0,1,17.1,2.5,0
2,01-06-2024 00:16,01-06-2024 00:20,2,0.7,1,N,237,236,1,6.5,1,0.5,2.3,0,1,13.8,2.5,0
1,01-06-2024 00:38,01-06-2024 00:45,1,2.2,1,N,238,48,1,11.4,3.5,0.5,3.25,0,1,19.65,2.5,0
1,01-06-2024 00:25,01-06-2024 00:59,1,4.4,1,N,68,145,1,26.1,3.5,0.5,5,0,1,36.1,2.5,0
1,01-06-2024 00:51,01-06-2024 01:03,3,1.7,1,N,48,246,1,12.1,3.5,0.5,3.4,0,1,20.5,2.5,0
2,01-06-2024 00:27,01-06-2024 00:31,1,0.88,1,N,237,236,1,6.5,1,0.5,2.3,0,1,13.8,2.5,0
1,01-06-2024 00:31,01-06-2024 01:14,1,19.8,2,N,132,244,1,70,1.75,0.5,16.05,6.94,1,96.24,0,1.75
2,01-06-2024 00:42,01-06-2024 00:50,1,1.37,1,N,231,68,1,10,1,0.5,2,0,1,17,2.5,0
2,01-06-2024 00:08,01-06-2024 00:16,1,0.84,1,N,79,114,1,10,1,0.5,1,0,1,16,2.5,0
1,01-06-2024 00:00,01-06-2024 00:15,1,2.2,1,N,79,246,1,14.9,3.5,0.5,3.95,0,1,23.85,2.5,0
2,01-06-2024 00:39,01-06-2024 01:10,1,3.64,1,N,125,255,1,29.6,1,0.5,5,0,1,39.6,2.5,0
2,01-06-2024 00:00,01-06-2024 00:07,1,1.47,1,N,142,238,1,9.3,1,0.5,4.29,0,1,18.59,2.5,0
2,01-06-2024 00:12,01-06-2024 00:17,1,0.97,1,N,239,236,1,7.2,1,0.5,1,0,1,13.2,2.5,0
2,01-06-2024 00:26,01-06-2024 00:33,1,1.41,1,N,263,141,1,9.3,1,0.5,2.86,0,1,17.16,2.5,0
1,01-06-2024 00:20,01-06-2024 00:43,1,2.8,1,N,148,186,1,21.2,3.5,0.5,4,0,1,30.2,2.5,0
1,01-06-2024 00:12,01-06-2024 00:38,1,7.2,1,N,79,226,1,32.4,3.5,0.5,7.5,0,1,44.9,2.5,0
2,01-06-2024 00:09,01-06-2024 00:20,2,3.02,1,N,164,236,1,14.9,1,0.5,3.98,0,1,23.88,2.5,0
2,01-06-2024 00:35,01-06-2024 00:44,1,2.05,1,N,161,114,1,12.1,1,0.5,3.42,0,1,20.52,2.5,0
2,01-06-2024 00:48,01-06-2024 00:57,2,1.29,1,N,114,90,1,10,1,0.5,3,0,1,18,2.5,0
2,01-06-2024 00:59,01-06-2024 01:06,2,0.96,1,N,90,107,1,8.6,1,0.5,2.72,0,1,16.32,2.5,0
2,01-06-2024 00:06,01-06-2024 00:18,1,1.15,1,N,230,186,1,12.1,1,0.5,3.42,0,1,20.52,2.5,0
2,01-06-2024 00:22,01-06-2024 00:27,2,0.46,1,N,164,90,1,6.5,1,0.5,2.3,0,1,13.8,2.5,0
1,01-06-2024 00:04,01-06-2024 00:19,1,2.7,1,N,170,239,1,14.2,3.5,0.5,1,0,1,20.2,2.5,0
1,01-06-2024 00:21,01-06-2024 00:32,1,1.7,1,N,239,237,1,11.4,3.5,0.5,3.3,0,1,19.7,2.5,0
1,01-06-2024 00:42,01-06-2024 00:52,1,1.7,1,N,161,107,1,10,3.5,0.5,3,0,1,18,2.5,0
2,01-06-2024 00:24,01-06-2024 00:32,2,0.96,1,N,45,231,1,8.6,1,0.5,2.72,0,1,16.32,2.5,0
2,01-06-2024 00:39,01-06-2024 00:48,1,1.03,1,N,231,87,2,9.3,1,0.5,0,0,1,14.3,2.5,0
2,01-06-2024 00:59,01-06-2024 01:04,2,0.5,1,N,231,45,1,5.8,1,0.5,2.16,0,1,12.96,2.5,0
1,01-06-2024 00:39,01-06-2024 00:54,1,3,1,N,249,233,1,14.9,3.5,0.5,0,0,1,19.9,2.5,0
1,01-06-2024 00:54,01-06-2024 01:08,1,3.8,1,N,233,75,1,17,3.5,0.5,4.4,0,1,26.4,2.5,0
2,01-06-2024 00:32,01-06-2024 00:42,1,2.21,1,N,48,234,1,12.1,1,0.5,2.56,0,1,19.66,2.5,0
2,01-06-2024 00:46,01-06-2024 01:07,1,4.62,1,N,249,142,1,24,1,0.5,7.25,0,1,36.25,2.5,0
2,01-06-2024 00:15,01-06-2024 00:18,2,0.16,1,N,264,262,1,5.1,1,0.5,2.52,0,1,12.62,2.5,0
2,01-06-2024 00:52,01-06-2024 01:05,1,1.41,1,N,68,211,1,12.1,1,0.5,2.56,0,1,19.66,2.5,0
2,01-06-2024 00:00,01-06-2024 00:08,1,1.71,1,N,166,116,1,10.7,1,0.5,2.64,0,1,15.84,0,0
2,31-05-2024 23:56,01-06-2024 00:00,4,0.7,1,N,162,233,1,5.8,1,0.5,2.16,0,1,12.96,2.5,0
2,01-06-2024 00:12,01-06-2024 00:16,6,0.8,1,N,164,162,2,6.5,1,0.5,0,0,1,11.5,2.5,0
2,01-06-2024 00:27,01-06-2024 00:44,4,4.1,1,N,186,262,2,20.5,1,0.5,0,0,1,25.5,2.5,0
1,01-06-2024 00:24,01-06-2024 01:14,2,19,1,N,161,265,2,79.3,3.5,0.5,0,0,1,84.3,2.5,0
2,01-06-2024 00:01,01-06-2024 00:18,2,2.06,1,N,234,148,2,16.3,1,0.5,0,0,1,21.3,2.5,0
2,01-06-2024 00:24,01-06-2024 00:32,2,1.43,1,N,79,137,1,9.3,1,0.5,2.14,0,1,16.44,2.5,0
2,01-06-2024 00:34,01-06-2024 00:46,2,3.04,1,N,137,263,1,15.6,1,0.5,4.12,0,1,24.72,2.5,0
1,01-06-2024 00:11,01-06-2024 00:14,1,0,1,N,114,114,3,5.1,3.5,0.5,0,0,1,10.1,2.5,0
1,01-06-2024 00:17,01-06-2024 00:26,1,1,1,N,114,4,1,8.6,3.5,0.5,2.7,0,1,16.3,2.5,0
1,01-06-2024 00:27,01-06-2024 00:41,1,3.7,1,N,79,87,1,18.4,3.5,0.5,0,0,1,23.4,2.5,0
1,01-06-2024 00:43,01-06-2024 00:52,1,1.2,1,N,87,231,1,9.3,3.5,0.5,0.28,0,1,14.58,2.5,0
2,01-06-2024 00:03,01-06-2024 00:18,1,2.43,1,N,249,162,1,16.3,1,0.5,4.26,0,1,25.56,2.5,0
2,01-06-2024 00:33,01-06-2024 00:34,1,0.07,5,N,113,113,1,30.69,0,0.5,8.67,0,1,43.36,2.5,0
2,01-06-2024 00:38,01-06-2024 00:57,1,4.73,1,N,249,236,1,23.3,1,0.5,5.66,0,1,33.96,2.5,0
1,01-06-2024 00:11,01-06-2024 00:32,1,3.6,1,N,114,255,1,22.6,3.5,0.5,5.5,0,1,33.1,2.5,0
2,01-06-2024 00:15,01-06-2024 00:23,1,1.47,1,N,68,234,1,10,1,0.5,3,0,1,18,2.5,0
2,01-06-2024 00:38,01-06-2024 01:00,1,3.9,1,N,68,66,1,23.3,1,0.5,2.2,0,1,30.5,2.5,0
1,01-06-2024 00:15,01-06-2024 00:21,1,0.8,1,N,234,100,1,7.2,3.5,0.5,0,0,1,12.2,2.5,0
1,01-06-2024 00:37,01-06-2024 00:55,1,2.7,1,N,246,4,1,17.7,3.5,0.5,6.8,0,1,29.5,2.5,0
2,01-06-2024 00:38,01-06-2024 00:55,2,3.02,1,N,140,238,1,18.4,1,0.5,0,0,1,23.4,2.5,0
2,01-06-2024 00:51,01-06-2024 01:12,1,5.82,1,N,132,130,2,26.8,1,0.5,0,0,1,31.05,0,1.75
2,01-06-2024 00:18,01-06-2024 00:29,3,1.19,1,N,230,233,1,10.7,1,0.5,0,0,1,15.7,2.5,0
2,01-06-2024 00:14,01-06-2024 00:27,2,1.96,1,N,107,232,2,14.2,1,0.5,0,0,1,19.2,2.5,0
2,01-06-2024 00:30,01-06-2024 00:50,2,3.22,1,N,232,229,1,19.8,1,0.5,1,0,1,25.8,2.5,0
2,01-06-2024 00:52,01-06-2024 00:55,2,0.94,1,N,229,141,1,6.5,1,0.5,0,0,1,11.5,2.5,0
2,01-06-2024 00:07,01-06-2024 00:21,2,4.6,1,N,148,141,1,22.6,1,0.5,3,0,1,30.6,2.5,0
2,01-06-2024 00:48,01-06-2024 01:00,2,2.21,1,N,79,170,1,14.2,1,0.5,3.84,0,1,23.04,2.5,0
2,01-06-2024 00:00,01-06-2024 00:49,2,30.17,2,N,132,125,1,70,0,0.5,10,6.94,1,92.69,2.5,1.75
2,01-06-2024 00:21,01-06-2024 00:31,1,1.81,1,N,263,142,1,12.1,1,0.5,3.42,0,1,20.52,2.5,0
2,01-06-2024 00:08,01-06-2024 00:24,2,1.48,1,N,107,144,1,14.9,1,0.5,1.5,0,1,21.4,2.5,0
2,01-06-2024 00:26,01-06-2024 00:57,2,5.76,1,N,144,239,1,32.4,1,0.5,7.48,0,1,44.88,2.5,0
2,01-06-2024 00:02,01-06-2024 00:29,1,10.74,1,N,70,48,1,44.3,6,0.5,10,6.94,1,72.99,2.5,1.75
2,01-06-2024 00:07,01-06-2024 00:17,2,1.87,1,N,48,158,1,11.4,1,0.5,3.28,0,1,19.68,2.5,0
2,01-06-2024 00:32,01-06-2024 01:03,1,6.59,1,N,231,238,2,34.5,1,0.5,0,0,1,39.5,2.5,0
1,01-06-2024 00:13,01-06-2024 00:31,2,3.7,1,N,79,237,1,19.8,3.5,0.5,2.48,0,1,27.28,2.5,0
2,01-06-2024 00:13,01-06-2024 00:28,4,2.55,1,N,211,246,1,16.3,1,0.5,2,0,1,23.3,2.5,0
2,01-06-2024 00:19,01-06-2024 00:51,2,3.91,1,N,158,25,1,28.2,1,0.5,4.98,0,1,38.18,2.5,0
1,01-06-2024 00:22,01-06-2024 00:28,4,1.1,1,N,137,79,1,7.9,3.5,0.5,1,0,1,13.9,2.5,0
1,01-06-2024 00:09,01-06-2024 00:26,2,2,1,N,232,158,1,13.5,3.5,0.5,3.7,0,1,22.2,2.5,0
1,01-06-2024 00:34,01-06-2024 00:49,1,2.7,1,N,249,48,1,14.9,3.5,0.5,3.95,0,1,23.85,2.5,0
1,01-06-2024 00:16,01-06-2024 00:30,2,2,1,N,148,158,1,12.8,3.5,0.5,3.55,0,1,21.35,2.5,0
1,01-06-2024 00:35,01-06-2024 00:40,1,1.1,1,N,158,234,1,7.9,3.5,0.5,2.55,0,1,15.45,2.5,0
1,01-06-2024 00:49,01-06-2024 00:52,2,0.6,1,N,249,90,1,5.1,3.5,0.5,2,0,1,12.1,2.5,0
1,01-06-2024 00:59,01-06-2024 01:17,1,3,1,N,158,232,1,17,3.5,0.5,4.4,0,1,26.4,2.5,0
1,01-06-2024 00:53,01-06-2024 00:54,1,0.1,1,N,246,246,3,3,3.5,0.5,0,0,1,8,2.5,0
2,01-06-2024 00:48,01-06-2024 00:57,2,0.94,1,N,79,114,1,8.6,1,0.5,2.72,0,1,16.32,2.5,0
2,01-06-2024 00:59,01-06-2024 01:06,1,0.98,1,N,114,79,1,7.9,1,0.5,2.58,0,1,15.48,2.5,0
2,01-06-2024 00:17,01-06-2024 00:21,2,0.96,1,N,170,229,2,6.5,1,0.5,0,0,1,11.5,2.5,0
2,01-06-2024 00:47,01-06-2024 01:08,2,4.12,1,N,249,141,1,22.6,1,0.5,5,0,1,32.6,2.5,0
1,01-06-2024 00:08,01-06-2024 00:14,1,1.1,1,N,144,107,1,7.2,3.5,0.5,2.45,0,1,14.65,2.5,0
2,01-06-2024 00:18,01-06-2024 01:04,2,4.8,1,N,79,112,1,40.1,1,0.5,9.02,0,1,54.12,2.5,0
1,01-06-2024 00:44,01-06-2024 01:09,1,6.5,1,N,238,4,1,29.6,3.5,0.5,2.4,0,1,37,2.5,0
2,01-06-2024 00:08,01-06-2024 00:25,1,3.49,1,N,211,163,1,19.1,1,0.5,2,0,1,26.1,2.5,0
2,01-06-2024 00:32,01-06-2024 00:41,1,1.26,1,N,163,48,4,-10,-1,-0.5,0,0,-1,-15,-2.5,0
2,01-06-2024 00:32,01-06-2024 00:41,1,1.26,1,N,163,50,4,10,1,0.5,0,0,1,15,2.5,0
2,01-06-2024 00:47,01-06-2024 01:00,1,2.36,1,N,186,143,1,14.2,1,0.5,3.84,0,1,23.04,2.5,0
1,01-06-2024 00:20,01-06-2024 00:28,1,1,1,N,211,158,1,7.9,3.5,0.5,2.55,0,1,15.45,2.5,0
2,31-05-2024 23:50,31-05-2024 23:59,1,2.38,1,N,142,151,1,12.8,1,0.5,3.56,0,1,21.36,2.5,0
2,01-06-2024 00:31,01-06-2024 00:45,1,2.25,1,N,50,141,2,15.6,1,0.5,0,0,1,20.6,2.5,0
2,01-06-2024 00:10,01-06-2024 00:30,1,4.24,1,N,43,249,1,22.6,1,0.5,6,0,1,33.6,2.5,0
2,01-06-2024 00:43,01-06-2024 00:50,1,1.15,1,N,164,163,1,8.6,1,0.5,2.72,0,1,16.32,2.5,0
1,01-06-2024 00:23,01-06-2024 00:34,2,1.7,1,N,249,170,1,11.4,3.5,0.5,3.25,0,1,19.65,2.5,0
1,01-06-2024 00:38,01-06-2024 00:50,1,1.7,1,N,234,230,1,12.1,3.5,0.5,4.25,0,1,21.35,2.5,0
2,01-06-2024 00:28,01-06-2024 00:35,1,1.49,1,N,68,68,2,9.3,1,0.5,0,0,1,14.3,2.5,0
2,01-06-2024 00:36,01-06-2024 00:57,1,4.52,1,N,90,262,1,23.3,1,0.5,5.66,0,1,33.96,2.5,0
1,01-06-2024 00:01,01-06-2024 00:02,1,0,1,N,236,236,1,3,3.5,0.5,8,0,1,16,2.5,0
1,01-06-2024 00:07,01-06-2024 00:16,1,1,1,N,236,237,1,8.6,3.5,0.5,1,0,1,14.6,2.5,0
1,01-06-2024 00:18,01-06-2024 00:45,1,3.7,1,N,237,186,2,22.6,3.5,0.5,0,0,1,27.6,2.5,0
1,01-06-2024 00:52,01-06-2024 01:03,1,1.2,1,N,100,229,1,10,3.5,0.5,2,0,1,17,2.5,0
2,01-06-2024 00:05,01-06-2024 00:17,1,1.65,1,N,211,232,2,12.8,1,0.5,0,0,1,17.8,2.5,0
2,01-06-2024 00:31,01-06-2024 00:39,4,2.86,1,N,148,88,2,13.5,1,0.5,0,0,1,18.5,2.5,0
2,01-06-2024 00:04,01-06-2024 00:29,1,4.77,1,N,113,256,1,28.2,1,0.5,6.64,0,1,39.84,2.5,0
2,01-06-2024 00:44,01-06-2024 00:56,4,1.3,1,N,158,114,1,11.4,1,0.5,3.28,0,1,19.68,2.5,0
2,01-06-2024 00:58,01-06-2024 01:11,1,2.5,1,N,79,65,1,15.6,1,0.5,4.12,0,1,24.72,2.5,0
2,01-06-2024 00:00,01-06-2024 00:08,1,1.64,1,N,43,162,1,10,1,0.5,3,0,1,18,2.5,0
2,01-06-2024 00:08,01-06-2024 01:09,1,6.79,1,N,113,36,1,55.5,1,0.5,0,0,1,60.5,2.5,0
2,01-06-2024 00:17,01-06-2024 00:31,1,8.71,1,N,132,39,1,33.8,1,0.5,5,0,1,43.05,0,1.75
2,01-06-2024 00:33,01-06-2024 01:24,2,18.6,2,N,132,230,2,70,0,0.5,0,6.94,1,82.69,2.5,1.75
2,01-06-2024 00:34,01-06-2024 00:42,2,1.19,1,N,148,114,1,9.3,1,0.5,1,0,1,15.3,2.5,0
2,01-06-2024 00:06,01-06-2024 00:08,1,0.42,1,N,164,170,1,4.4,1,0.5,1,0,1,10.4,2.5,0
2,01-06-2024 00:35,01-06-2024 00:46,1,2.29,1,N,229,224,1,13.5,1,0.5,3,0,1,21.5,2.5,0
2,01-06-2024 00:15,01-06-2024 00:15,1,0,5,N,265,265,1,64,0,0,13,0,1,78,0,0
2,01-06-2024 00:14,01-06-2024 00:18,1,1.15,1,N,186,234,1,7.2,1,0.5,1,0,1,13.2,2.5,0
2,01-06-2024 00:46,01-06-2024 01:00,3,2.06,1,N,144,170,1,14.9,1,0.5,1,0,1,20.9,2.5,0
2,01-06-2024 00:18,01-06-2024 00:18,1,0,2,N,114,114,2,70,0,0.5,0,0,1,74,2.5,0
2,01-06-2024 00:19,01-06-2024 00:42,1,4.64,1,N,114,166,1,24.7,1,0.5,5.94,0,1,35.64,2.5,0
2,01-06-2024 00:42,01-06-2024 00:50,1,1.18,1,N,68,249,1,9.3,1,0.5,2.14,0,1,16.44,2.5,0
2,01-06-2024 00:54,01-06-2024 01:04,1,1.69,1,N,125,68,1,10.7,1,0.5,3.14,0,1,18.84,2.5,0
2,01-06-2024 00:34,01-06-2024 00:41,1,1.77,1,N,238,152,2,10.7,1,0.5,0,0,1,13.2,0,0
1,01-06-2024 00:06,01-06-2024 00:15,1,2.8,1,N,4,87,1,14.2,3.5,0.5,3.85,0,1,23.05,2.5,0
1,01-06-2024 00:16,01-06-2024 00:28,1,3.4,1,N,87,224,2,15.6,3.5,0.5,0,0,1,20.6,2.5,0
1,01-06-2024 00:34,01-06-2024 00:53,1,3.8,1,N,107,112,1,18.4,3.5,0.5,7.6,6.94,1,37.94,2.5,0
2,01-06-2024 00:04,01-06-2024 00:11,1,1.55,1,N,234,163,1,10,1,0.5,3,0,1,18,2.5,0
2,01-06-2024 00:13,01-06-2024 00:27,1,2.83,1,N,163,238,1,17,1,0.5,5,0,1,27,2.5,0
2,01-06-2024 00:44,01-06-2024 00:55,1,2.24,1,N,162,186,1,13.5,1,0.5,3,0,1,21.5,2.5,0
2,01-06-2024 00:21,01-06-2024 01:06,1,20.33,2,N,132,261,1,70,0,0.5,14.8,0,1,90.55,2.5,1.75
2,01-06-2024 00:20,01-06-2024 00:51,1,8.41,1,N,79,159,2,38,1,0.5,0,0,1,43,2.5,0
2,01-06-2024 00:10,01-06-2024 00:42,1,12.1,1,N,138,106,1,52.7,6,0.5,15.05,0,1,77,0,1.75
1,01-06-2024 00:18,01-06-2024 00:37,1,2.5,1,N,249,170,1,17,3.5,0,4.25,0,1,25.75,2.5,0
1,01-06-2024 00:49,01-06-2024 01:05,1,2.1,1,N,79,231,1,15.6,3.5,0,4,0,1,24.1,2.5,0
2,01-06-2024 00:13,01-06-2024 00:19,2,0.74,1,N,48,50,1,7.2,1,0.5,2.44,0,1,14.64,2.5,0
2,01-06-2024 00:44,01-06-2024 00:51,2,1.35,1,N,239,151,1,8.6,1,0.5,1,0,1,14.6,2.5,0
2,01-06-2024 00:58,01-06-2024 01:19,1,6.11,1,N,239,79,1,27.5,1,0.5,6.5,0,1,39,2.5,0
2,01-06-2024 00:18,01-06-2024 00:28,1,1.42,1,N,249,90,1,11.4,1,0.5,2.95,0,1,19.35,2.5,0
2,01-06-2024 00:40,01-06-2024 00:51,1,1.94,1,N,249,170,1,12.1,1,0.5,3.42,0,1,20.52,2.5,0
2,01-06-2024 00:04,01-06-2024 00:15,1,1.56,1,N,234,148,1,11.4,1,0.5,2.46,0,1,18.86,2.5,0
2,01-06-2024 00:19,01-06-2024 00:41,1,3.9,1,N,79,48,1,21.9,1,0.5,4,0,1,30.9,2.5,0
1,01-06-2024 00:10,01-06-2024 00:21,2,2,1,N,125,164,1,13.5,3.5,0.5,3.7,0,1,22.2,2.5,0
1,01-06-2024 00:27,01-06-2024 00:44,1,3,1,N,234,145,1,17,3.5,0.5,2.89,6.94,1,31.83,2.5,0
2,01-06-2024 00:47,01-06-2024 01:20,1,7.66,1,N,230,33,1,38,1,0.5,4,0,1,47,2.5,0
2,01-06-2024 00:41,01-06-2024 00:57,2,4.85,1,N,114,263,1,21.2,1,0.5,5.24,0,1,31.44,2.5,0
2,01-06-2024 00:07,01-06-2024 00:17,2,2.18,1,N,163,234,1,12.1,1,0.5,3.42,0,1,20.52,2.5,0
2,01-06-2024 00:22,01-06-2024 00:57,3,5.34,1,N,113,17,1,33.1,1,0.5,5,0,1,43.1,2.5,0
2,01-06-2024 00:59,01-06-2024 01:03,2,1.17,1,N,61,17,1,7.2,1,0.5,1.94,0,1,11.64,0,0
2,01-06-2024 00:17,01-06-2024 00:32,2,3.8,1,N,234,239,1,19.1,1,0.5,3,0,1,27.1,2.5,0
2,01-06-2024 00:37,01-06-2024 00:43,1,1.26,1,N,142,238,1,8.6,1,0.5,2,0,1,15.6,2.5,0
2,01-06-2024 00:16,01-06-2024 00:44,1,3.61,1,N,79,163,1,25.4,1,0.5,6.08,0,1,36.48,2.5,0
2,01-06-2024 00:00,01-06-2024 00:25,1,9.48,1,N,138,137,1,40.1,6,0.5,12,6.94,1,70.79,2.5,1.75
2,01-06-2024 00:34,01-06-2024 00:42,1,0.62,1,N,79,148,1,7.9,1,0.5,2.58,0,1,15.48,2.5,0
2,01-06-2024 00:42,01-06-2024 01:03,1,3.02,1,N,148,255,1,21.9,1,0.5,5.38,0,1,32.28,2.5,0
2,01-06-2024 00:30,01-06-2024 01:19,1,18.06,2,N,132,148,1,70,0,0.5,7,0,1,82.75,2.5,1.75
2,01-06-2024 00:49,01-06-2024 00:55,1,1.98,1,N,141,170,4,-10.7,-1,-0.5,0,0,-1,-15.7,-2.5,0
2,01-06-2024 00:49,01-06-2024 00:55,1,1.98,1,N,141,170,4,10.7,1,0.5,0,0,1,15.7,2.5,0
2,01-06-2024 00:16,01-06-2024 00:30,1,1.86,1,N,237,170,1,14.2,1,0.5,3.84,0,1,23.04,2.5,0
1,01-06-2024 00:03,01-06-2024 00:09,1,1.2,1,N,234,170,1,7.9,3.5,0.5,2.6,0,1,15.5,2.5,0
1,01-06-2024 00:11,01-06-2024 00:23,1,2.5,1,N,233,4,1,14.2,3.5,0.5,1,0,1,20.2,2.5,0
1,01-06-2024 00:38,01-06-2024 00:49,1,1.3,1,N,148,231,2,10.7,3.5,0.5,0,0,1,15.7,2.5,0
2,01-06-2024 00:33,01-06-2024 01:04,1,5.78,1,N,148,239,1,32.4,1,0.5,9.35,0,1,46.75,2.5,0
2,01-06-2024 00:26,01-06-2024 00:39,1,1.68,1,N,249,232,1,13.5,1,0.5,3.7,0,1,22.2,2.5,0
2,01-06-2024 00:52,01-06-2024 01:00,1,2.83,1,N,107,140,1,13.5,1,0.5,3.7,0,1,22.2,2.5,0
2,01-06-2024 00:38,01-06-2024 00:45,1,1.48,1,N,236,75,2,9.3,1,0.5,0,0,1,14.3,2.5,0
2,01-06-2024 00:49,01-06-2024 00:57,1,1.5,1,N,75,238,1,9.3,1,0.5,2.36,0,1,14.16,0,0
2,01-06-2024 00:15,01-06-2024 00:39,1,5.1,1,N,249,41,1,27.5,1,0.5,6.5,0,1,39,2.5,0
2,01-06-2024 00:08,01-06-2024 00:30,2,2.24,1,N,249,148,1,19.1,1,0.5,4.82,0,1,28.92,2.5,0
2,01-06-2024 00:35,01-06-2024 00:48,2,2.05,1,N,148,90,1,14.2,1,0.5,3.84,0,1,23.04,2.5,0
2,01-06-2024 00:51,01-06-2024 01:01,1,1.84,1,N,164,142,1,11.4,1,0.5,3.28,0,1,19.68,2.5,0
2,01-06-2024 00:10,01-06-2024 00:14,1,1.21,1,N,239,151,1,7.2,1,0.5,2.44,0,1,14.64,2.5,0
2,01-06-2024 00:18,01-06-2024 00:30,2,2.44,1,N,238,262,1,14.9,1,0.5,2.98,0,1,22.88,2.5,0
2,01-06-2024 00:53,01-06-2024 00:58,1,1.38,1,N,229,141,1,7.9,1,0.5,2.58,0,1,15.48,2.5,0
2,01-06-2024 00:10,01-06-2024 00:17,3,0.87,1,N,148,211,1,8.6,1,0.5,1.5,0,1,15.1,2.5,0
2,01-06-2024 00:13,01-06-2024 00:25,1,1.32,1,N,107,79,1,12.1,1,0.5,3.42,0,1,20.52,2.5,0
2,01-06-2024 00:00,01-06-2024 00:10,1,0.87,1,N,163,162,4,-10,-1,-0.5,0,0,-1,-15,-2.5,0
2,01-06-2024 00:00,01-06-2024 00:10,1,0.87,1,N,163,162,4,10,1,0.5,0,0,1,15,2.5,0
2,01-06-2024 00:49,01-06-2024 01:00,1,1.35,1,N,249,90,1,11.4,1,0.5,3.28,0,1,19.68,2.5,0
2,01-06-2024 00:05,01-06-2024 00:09,1,1.1,1,N,141,75,1,7.2,1,0.5,2.44,0,1,14.64,2.5,0
2,01-06-2024 00:15,01-06-2024 00:18,1,0.73,1,N,236,237,1,5.8,1,0.5,2.16,0,1,12.96,2.5,0
2,01-06-2024 00:29,01-06-2024 00:35,4,0.6,1,N,141,237,1,6.5,1,0.5,2.3,0,1,13.8,2.5,0
2,01-06-2024 00:09,01-06-2024 00:23,1,1.88,1,N,68,170,1,14.9,1,0.5,3.98,0,1,23.88,2.5,0
2,01-06-2024 00:31,01-06-2024 00:37,1,1.25,1,N,229,236,1,8.6,1,0.5,1,0,1,14.6,2.5,0
2,01-06-2024 00:09,01-06-2024 00:15,1,1.41,1,N,239,143,1,9.3,1,0.5,2.57,0,1,16.87,2.5,0
2,01-06-2024 00:54,01-06-2024 00:57,1,0.98,1,N,238,151,1,5.8,1,0.5,2.16,0,1,12.96,2.5,0
2,01-06-2024 00:07,01-06-2024 00:18,1,2.15,1,N,158,224,1,13.5,1,0.5,3.33,0,1,21.83,2.5,0
2,01-06-2024 00:24,01-06-2024 00:28,3,0.37,1,N,4,79,1,5.8,1,0.5,2.16,0,1,12.96,2.5,0
2,01-06-2024 00:38,01-06-2024 00:50,1,2.84,1,N,107,141,1,15.6,1,0.5,4.12,0,1,24.72,2.5,0
2,01-06-2024 00:11,01-06-2024 00:32,4,4.64,1,N,114,263,1,24,1,0.5,2,0,1,31,2.5,0
2,01-06-2024 00:34,01-06-2024 01:06,3,11.31,1,N,263,61,1,49.2,1,0.5,15.28,6.94,1,76.42,2.5,0
2,01-06-2024 00:15,01-06-2024 00:28,1,2.55,1,N,79,246,1,14.9,1,0.5,3.98,0,1,23.88,2.5,0
2,01-06-2024 00:33,01-06-2024 00:44,1,3.02,1,N,48,211,1,14.2,1,0.5,4.8,0,1,24,2.5,0
2,01-06-2024 00:54,01-06-2024 01:06,1,1.78,1,N,113,144,1,13.5,1,0.5,3.7,0,1,22.2,2.5,0
1,01-06-2024 00:13,01-06-2024 00:36,1,7.3,1,N,88,262,1,32.4,3.5,0.5,7.45,0,1,44.85,2.5,0
1,01-06-2024 00:40,01-06-2024 00:48,1,1.8,1,N,263,142,1,11.4,3.5,0.5,2,0,1,18.4,2.5,0
1,01-06-2024 00:58,01-06-2024 01:38,1,4.9,5,N,230,129,1,45,0,0,9.2,0,1,55.2,0,0
2,01-06-2024 00:17,01-06-2024 00:38,1,6.27,1,N,151,113,1,28.2,1,0.5,6.64,0,1,39.84,2.5,0
2,01-06-2024 00:39,01-06-2024 00:47,1,1.16,1,N,113,144,1,9.3,1,0.5,0,0,1,14.3,2.5,0
2,01-06-2024 00:50,01-06-2024 01:12,1,7.48,1,N,144,133,1,32.4,1,0.5,7.48,0,1,44.88,2.5,0
2,31-05-2024 15:40,31-05-2024 15:54,1,2.4,1,N,263,142,1,14.9,1,0.5,4.98,0,1,24.88,2.5,0
2,01-06-2024 00:12,01-06-2024 00:39,2,12.01,1,N,211,7,1,49.2,1,0.5,10.84,0,1,65.04,2.5,0
2,01-06-2024 00:06,01-06-2024 00:29,2,2.72,1,N,239,100,1,21.2,1,0.5,3,0,1,29.2,2.5,0
2,01-06-2024 00:33,01-06-2024 01:12,2,13.19,1,N,68,14,1,54.8,1,0.5,13.35,6.94,1,80.09,2.5,0
2,01-06-2024 00:25,01-06-2024 00:40,1,3.57,1,N,263,50,2,18.4,1,0.5,0,0,1,23.4,2.5,0
2,01-06-2024 00:07,01-06-2024 00:20,2,2.09,1,N,230,239,1,14.9,1,0.5,3.98,0,1,23.88,2.5,0
2,01-06-2024 00:38,01-06-2024 00:51,1,2.67,1,N,142,234,1,15.6,1,0.5,4.12,0,1,24.72,2.5,0
2,01-06-2024 00:57,01-06-2024 01:04,2,1.78,1,N,234,229,1,10,1,0.5,3.75,0,1,18.75,2.5,0
2,01-06-2024 00:03,01-06-2024 00:14,1,1.97,1,N,231,246,1,12.8,1,0.5,3.56,0,1,21.36,2.5,0
2,01-06-2024 00:18,01-06-2024 00:26,2,1.51,1,N,68,48,1,10,1,0.5,3,0,1,18,2.5,0
2,01-06-2024 00:18,01-06-2024 00:28,1,3.09,1,N,43,143,2,14.2,1,0.5,0,0,1,19.2,2.5,0
2,01-06-2024 00:50,01-06-2024 01:04,2,3.84,1,N,209,107,1,19.8,1,0.5,4.96,0,1,29.76,2.5,0
2,01-06-2024 00:08,01-06-2024 00:17,2,1.48,1,N,162,236,1,10.7,1,0.5,1.5,0,1,17.2,2.5,0
2,01-06-2024 00:18,01-06-2024 00:32,1,3.22,1,N,236,166,1,17,1,0.5,2,0,1,24,2.5,0
2,01-06-2024 00:18,01-06-2024 00:27,1,1.54,1,N,249,234,1,10.7,1,0.5,3.14,0,1,18.84,2.5,0
2,01-06-2024 00:31,01-06-2024 01:01,1,4.9,1,N,234,97,1,28.2,1,0.5,6.64,0,1,39.84,2.5,0
2,01-06-2024 00:01,01-06-2024 00:05,1,0.62,1,N,68,158,2,5.8,1,0.5,0,0,1,10.8,2.5,0
2,01-06-2024 00:08,01-06-2024 00:26,1,1.92,1,N,158,79,1,16.3,1,0.5,4.26,0,1,25.56,2.5,0
2,01-06-2024 00:27,01-06-2024 00:37,1,3.03,1,N,79,87,1,15.6,1,0.5,4.12,0,1,24.72,2.5,0
2,01-06-2024 00:42,01-06-2024 00:56,1,2.44,1,N,231,114,1,14.9,1,0.5,3.98,0,1,23.88,2.5,0
2,01-06-2024 00:20,01-06-2024 00:53,1,6.38,1,N,144,238,1,35.9,1,0.5,8.18,0,1,49.08,2.5,0
2,01-06-2024 00:09,01-06-2024 00:20,1,2.28,1,N,170,142,1,12.8,1,0.5,0,0,1,17.8,2.5,0
2,01-06-2024 00:30,01-06-2024 01:04,1,8.58,1,N,48,126,2,40.8,1,0.5,0,0,1,45.8,2.5,0
1,01-06-2024 00:04,01-06-2024 00:15,2,1.7,1,N,263,140,1,12.1,3.5,0.5,3.4,0,1,20.5,2.5,0
1,01-06-2024 00:56,01-06-2024 01:28,1,12,1,N,132,82,2,51.3,2.75,0.5,0,0,1,55.55,0,1.75
2,01-06-2024 00:12,01-06-2024 00:31,1,3.23,1,N,48,231,1,19.8,1,0.5,4.96,0,1,29.76,2.5,0
2,01-06-2024 00:05,01-06-2024 00:12,1,1.11,1,N,68,68,1,8.6,1,0.5,2.72,0,1,16.32,2.5,0
2,01-06-2024 00:24,01-06-2024 00:34,1,1.69,1,N,90,48,1,11.4,1,0.5,2,0,1,18.4,2.5,0
2,01-06-2024 00:36,01-06-2024 00:42,1,1.21,1,N,48,239,1,8.6,1,0.5,2.72,0,1,16.32,2.5,0
2,01-06-2024 00:04,01-06-2024 00:22,2,2.77,1,N,231,186,1,18.4,1,0.5,4.68,0,1,28.08,2.5,0
2,01-06-2024 00:47,01-06-2024 01:02,2,3.66,1,N,48,144,1,17.7,1,0.5,4.54,0,1,27.24,2.5,0
2,01-06-2024 00:09,01-06-2024 00:31,1,4.61,1,N,230,148,1,24.7,1,0.5,2,0,1,31.7,2.5,0
2,01-06-2024 00:32,01-06-2024 00:45,4,1.61,1,N,148,114,1,12.8,1,0.5,3.56,0,1,21.36,2.5,0
1,01-06-2024 00:40,01-06-2024 01:00,1,3,1,N,79,246,1,17.7,3.5,0.5,2,0,1,24.7,2.5,0
2,01-06-2024 00:49,01-06-2024 01:01,1,2.47,1,N,68,142,1,14.2,1,0.5,3.84,0,1,23.04,2.5,0
2,01-06-2024 00:18,01-06-2024 00:29,4,0.89,1,N,230,233,1,10.7,1,0.5,3.14,0,1,18.84,2.5,0
2,01-06-2024 00:52,01-06-2024 00:55,2,0.64,1,N,100,230,1,5.8,1,0.5,2.16,0,1,12.96,2.5,0
2,01-06-2024 00:29,01-06-2024 00:30,2,0.11,1,N,144,144,4,-3.7,-1,-0.5,0,0,-1,-8.7,-2.5,0
2,01-06-2024 00:29,01-06-2024 00:30,2,0.11,1,N,144,144,4,3.7,1,0.5,0,0,1,8.7,2.5,0
2,01-06-2024 00:32,01-06-2024 00:36,2,0.72,1,N,144,113,1,5.8,1,0.5,1,0,1,11.8,2.5,0
2,01-06-2024 00:45,01-06-2024 00:57,2,2.44,1,N,144,107,1,14.2,1,0.5,4.8,0,1,24,2.5,0
2,01-06-2024 00:34,01-06-2024 00:43,1,1.48,1,N,148,87,1,10.7,1,0.5,3.14,0,1,18.84,2.5,0
2,01-06-2024 00:34,01-06-2024 00:42,1,2.11,1,N,170,237,1,11.4,1,0.5,1,0,1,17.4,2.5,0
2,01-06-2024 00:57,01-06-2024 01:08,2,1.74,1,N,230,170,1,12.8,1,0.5,3.56,0,1,21.36,2.5,0
2,01-06-2024 00:02,01-06-2024 00:12,1,1.13,1,N,164,68,1,10.7,1,0.5,3.92,0,1,19.62,2.5,0
2,01-06-2024 00:47,01-06-2024 00:48,1,0.25,1,N,249,249,1,3.7,1,0.5,0.05,0,1,8.75,2.5,0
2,01-06-2024 00:06,01-06-2024 00:15,1,1.63,1,N,170,68,1,10.7,1,0.5,3.14,0,1,18.84,2.5,0
2,01-06-2024 00:17,01-06-2024 00:56,1,5.46,1,N,68,97,2,35.9,1,0.5,0,0,1,40.9,2.5,0
2,31-05-2024 23:45,31-05-2024 23:53,1,1.42,1,N,50,100,1,10.7,1,0.5,0,0,1,15.7,2.5,0
2,01-06-2024 00:17,01-06-2024 00:29,1,1.54,1,N,4,144,1,12.1,1,0.5,3.42,0,1,20.52,2.5,0
2,01-06-2024 00:09,01-06-2024 00:14,1,1.16,1,N,142,238,1,7.9,1,0.5,1.94,0,1,14.84,2.5,0
1,01-06-2024 00:43,01-06-2024 00:51,1,1.7,1,N,229,262,1,10,3.5,0.5,3,0,1,18,2.5,0
1,01-06-2024 00:17,01-06-2024 00:27,3,1.2,1,N,114,79,1,10.7,3.5,0.5,3.1,0,1,18.8,2.5,0
2,01-06-2024 00:09,01-06-2024 00:13,2,0.25,1,N,170,164,1,5.8,1,0.5,2.16,0,1,12.96,2.5,0
2,01-06-2024 00:46,01-06-2024 00:53,1,1.12,1,N,148,107,1,8.6,1,0.5,2,0,1,15.6,2.5,0
2,01-06-2024 00:00,01-06-2024 00:05,1,0.88,1,N,263,236,1,7.2,1,0.5,2.44,0,1,14.64,2.5,0
2,01-06-2024 00:08,01-06-2024 00:19,2,5.18,1,N,75,223,1,22.6,1,0.5,6.41,6.94,1,38.45,0,0
2,01-06-2024 00:30,01-06-2024 00:36,2,1.27,1,N,7,193,2,7.9,1,0.5,0,0,1,10.4,0,0
2,01-06-2024 00:04,01-06-2024 00:44,2,19.35,2,N,132,236,1,70,0,0.5,5,6.94,1,87.69,2.5,1.75
2,01-06-2024 00:24,01-06-2024 00:36,1,1.38,1,N,249,107,1,12.1,1,0.5,3,0,1,20.1,2.5,0
2,01-06-2024 00:39,01-06-2024 00:49,1,1.07,1,N,107,249,1,10,1,0.5,1.5,0,1,16.5,2.5,0
2,01-06-2024 00:52,01-06-2024 00:56,1,0.35,1,N,249,249,2,4.4,1,0.5,0,0,1,9.4,2.5,0
2,01-06-2024 00:27,01-06-2024 00:35,2,1.51,1,N,79,137,1,9.3,1,0.5,1.72,0,1,16.02,2.5,0
2,01-06-2024 00:49,01-06-2024 01:02,1,2.86,1,N,113,163,1,15.6,1,0.5,4.12,0,1,24.72,2.5,0
2,01-06-2024 00:25,01-06-2024 00:36,1,2.62,1,N,263,142,1,14.2,1,0.5,3.84,0,1,23.04,2.5,0
2,01-06-2024 00:42,01-06-2024 00:58,1,3.03,1,N,142,113,1,17.7,1,0.5,6.81,0,1,29.51,2.5,0
1,01-06-2024 00:03,01-06-2024 00:15,2,1.2,1,N,144,79,1,10.7,3.5,0.5,3.1,0,1,18.8,2.5,0
1,01-06-2024 00:17,01-06-2024 00:40,3,5.4,1,N,79,25,1,24.7,3.5,0.5,5.9,0,1,35.6,2.5,0
2,01-06-2024 00:42,01-06-2024 00:48,1,1.21,1,N,48,234,1,8.6,1,0.5,2.72,0,1,16.32,2.5,0
2,01-06-2024 00:07,01-06-2024 00:17,1,1.63,1,N,249,231,1,12.1,1,0.5,3.42,0,1,20.52,2.5,0
2,01-06-2024 00:20,01-06-2024 00:35,1,6.41,1,N,231,141,1,27.5,1,0.5,6.5,0,1,39,2.5,0
2,01-06-2024 00:44,01-06-2024 00:52,1,1.38,1,N,161,234,1,10,1,0.5,20,0,1,35,2.5,0
2,01-06-2024 00:04,01-06-2024 00:15,2,1.19,1,N,230,233,1,11.4,1,0.5,3.28,0,1,19.68,2.5,0
2,01-06-2024 00:13,01-06-2024 00:29,1,3.19,1,N,114,229,1,17.7,1,0.5,4.54,0,1,27.24,2.5,0
1,01-06-2024 00:14,01-06-2024 00:38,2,6.5,1,N,90,264,1,30.3,3.5,0.5,5,6.94,1,47.24,2.5,0
2,01-06-2024 00:42,01-06-2024 00:47,1,0.72,1,N,148,79,1,6.5,1,0.5,1,0,1,12.5,2.5,0
2,01-06-2024 00:55,01-06-2024 01:01,1,2.13,1,N,79,229,1,10.7,1,0.5,1.57,0,1,17.27,2.5,0
2,01-06-2024 00:06,01-06-2024 00:13,2,1.39,1,N,230,239,1,9.3,1,0.5,2.86,0,1,17.16,2.5,0
2,01-06-2024 00:23,01-06-2024 00:38,2,3.12,1,N,239,246,1,17.7,1,0.5,4.54,0,1,27.24,2.5,0
2,01-06-2024 00:42,01-06-2024 00:58,2,4.08,1,N,68,263,1,20.5,1,0.5,6.38,0,1,31.88,2.5,0
2,01-06-2024 00:14,01-06-2024 00:59,1,2.89,1,N,163,7,1,35.9,1,0.5,8.18,0,1,49.08,2.5,0
2,01-06-2024 00:11,01-06-2024 00:21,2,1.79,1,N,239,262,1,12.1,1,0.5,3.42,0,1,20.52,2.5,0
2,01-06-2024 00:57,01-06-2024 01:13,2,3.26,1,N,141,234,1,18.4,1,0.5,2,0,1,25.4,2.5,0
2,01-06-2024 00:43,01-06-2024 01:01,1,1.34,1,N,249,148,1,17,1,0.5,5.5,0,1,27.5,2.5,0
2,01-06-2024 01:03,01-06-2024 01:13,1,1.26,1,N,148,79,1,10,1,0.5,3,0,1,18,2.5,0
2,01-06-2024 00:05,01-06-2024 00:18,2,2.23,1,N,230,249,1,13.5,1,0.5,3.7,0,1,22.2,2.5,0
2,01-06-2024 00:20,01-06-2024 00:39,1,3.01,1,N,249,48,1,19.8,1,0.5,4.96,0,1,29.76,2.5,0
2,01-06-2024 00:31,01-06-2024 00:37,1,1.12,1,N,48,141,2,8.6,1,0.5,0,0,1,13.6,2.5,0
2,01-06-2024 00:58,01-06-2024 01:07,1,1.61,1,N,114,107,1,10.7,1,0.5,3.14,0,1,18.84,2.5,0
2,01-06-2024 00:07,01-06-2024 00:53,2,8.15,1,N,230,196,1,47.1,1,0.5,0,0,1,52.1,2.5,0
2,01-06-2024 00:06,01-06-2024 00:45,2,14.43,1,N,132,7,2,66,1,0.5,0,0,1,70.25,0,1.75
1,01-06-2024 00:22,01-06-2024 00:44,1,3.9,1,N,237,231,1,20.5,3.5,0.5,0,0,1,25.5,2.5,0
1,01-06-2024 00:54,01-06-2024 00:59,1,1,1,N,125,113,1,7.2,3.5,0.5,2.4,0,1,14.6,2.5,0
2,01-06-2024 00:10,01-06-2024 00:31,1,2.18,1,N,79,87,1,19.1,1,0.5,4.82,0,1,28.92,2.5,0
2,01-06-2024 00:41,01-06-2024 00:59,1,1.93,1,N,231,232,1,17,1,0.5,1,0,1,23,2.5,0
2,01-06-2024 00:06,01-06-2024 00:09,4,0.41,1,N,132,132,2,5.1,1,0.5,0,0,1,9.35,0,1.75
2,01-06-2024 00:29,01-06-2024 00:39,2,4.76,1,N,132,124,2,20.5,1,0.5,0,0,1,24.75,0,1.75
2,01-06-2024 00:22,01-06-2024 00:42,2,3.11,1,N,163,211,1,19.8,1,0.5,6.2,0,1,31,2.5,0
2,01-06-2024 00:02,01-06-2024 00:10,1,0.72,1,N,100,230,1,8.6,1,0.5,1,0,1,14.6,2.5,0
2,01-06-2024 00:50,01-06-2024 01:00,4,1.64,1,N,114,137,4,-11.4,-1,-0.5,0,0,-1,-16.4,-2.5,0
2,01-06-2024 00:50,01-06-2024 01:00,4,1.64,1,N,114,137,4,11.4,1,0.5,0,0,1,16.4,2.5,0
2,01-06-2024 00:42,01-06-2024 00:42,1,0.01,1,N,114,114,2,3,1,0.5,0,0,1,8,2.5,0
2,01-06-2024 00:43,01-06-2024 00:55,1,2.33,1,N,114,233,1,14.2,1,0.5,1,0,1,20.2,2.5,0
2,01-06-2024 00:55,01-06-2024 01:02,1,1.13,1,N,148,141,1,8.6,1,0.5,2.72,0,1,16.32,2.5,0
1,01-06-2024 00:11,01-06-2024 00:57,1,10.6,1,N,138,48,1,54.8,10.25,0.5,13.3,0,1,79.85,2.5,1.75
1,01-06-2024 00:13,01-06-2024 00:20,1,1.8,1,N,263,75,1,10.7,3.5,0.5,2,0,1,17.7,2.5,0
1,01-06-2024 00:53,01-06-2024 01:03,3,2,1,N,229,262,1,12.1,3.5,0.5,3.4,0,1,20.5,2.5,0
2,01-06-2024 00:56,01-06-2024 01:41,1,18.17,2,N,132,113,1,70,0,0.5,12.14,6.94,1,94.83,2.5,1.75
2,01-06-2024 00:04,01-06-2024 00:15,2,2.66,1,N,140,151,1,14.2,1,0.5,3.84,0,1,23.04,2.5,0
2,01-06-2024 00:34,01-06-2024 00:39,1,0.54,1,N,141,141,1,6.5,1,0.5,1,0,1,12.5,2.5,0
2,01-06-2024 00:45,01-06-2024 00:56,1,1.59,1,N,79,113,1,11.4,1,0.5,3.28,0,1,19.68,2.5,0
2,01-06-2024 00:56,01-06-2024 01:04,1,0.81,1,N,113,79,1,8.6,1,0.5,2,0,1,15.6,2.5,0
2,31-05-2024 23:54,01-06-2024 00:12,5,3.34,1,N,148,49,1,19.8,1,0.5,2.5,0,1,27.3,2.5,0
1,01-06-2024 00:02,01-06-2024 00:16,1,1,1,N,231,113,1,12.8,3.5,0.5,4.45,0,1,22.25,2.5,0
1,01-06-2024 00:17,01-06-2024 00:34,1,2.7,1,N,113,88,1,14.2,3.5,0.5,3.85,0,1,23.05,2.5,0
2,01-06-2024 00:24,01-06-2024 00:34,2,1.31,1,N,107,158,1,10.7,1,0.5,3.14,0,1,18.84,2.5,0
2,01-06-2024 00:44,01-06-2024 00:48,1,0.54,1,N,114,144,1,6.5,1,0.5,0.58,0,1,12.08,2.5,0
2,01-06-2024 00:57,01-06-2024 01:51,2,34.16,4,N,45,265,1,166.8,1,0,33.76,0,1,202.56,0,0
2,01-06-2024 00:02,01-06-2024 00:14,1,2.39,1,N,161,143,1,13.5,1,0.5,3.7,0,1,22.2,2.5,0
2,01-06-2024 00:26,01-06-2024 00:30,1,0.87,1,N,48,68,1,6.5,1,0.5,2,0,1,13.5,2.5,0
2,01-06-2024 00:32,01-06-2024 00:43,1,0.62,1,N,68,48,2,5.1,1,0.5,0,0,1,10.1,2.5,0
2,01-06-2024 00:22,01-06-2024 00:28,1,0.8,1,N,114,113,1,7.9,1,0.5,2.58,0,1,15.48,2.5,0
2,01-06-2024 00:41,01-06-2024 00:52,1,1.89,1,N,90,4,1,12.8,1,0.5,3.56,0,1,21.36,2.5,0
2,01-06-2024 00:19,01-06-2024 00:39,2,5.79,1,N,148,43,1,27.5,1,0.5,6.5,0,1,39,2.5,0
2,01-06-2024 00:43,01-06-2024 00:55,2,1.93,1,N,229,142,1,12.8,1,0.5,3.56,0,1,21.36,2.5,0
2,01-06-2024 00:10,01-06-2024 00:11,1,0,5,N,249,249,1,50,0,0,0,0,1,53.5,2.5,0
2,01-06-2024 00:32,01-06-2024 00:41,1,1.46,1,N,158,79,1,10,1,0.5,3,0,1,18,2.5,0
1,01-06-2024 00:21,01-06-2024 00:34,2,2.2,1,N,114,164,1,14.2,3.5,0.5,3.8,0,1,23,2.5,0
1,01-06-2024 00:35,01-06-2024 00:44,2,1.5,1,N,100,162,1,10,3.5,0.5,3,0,1,18,2.5,0
2,01-06-2024 00:51,01-06-2024 00:57,1,1.25,1,N,107,170,1,8.6,1,0.5,2.72,0,1,16.32,2.5,0
2,01-06-2024 00:06,01-06-2024 00:07,1,0.38,1,N,237,237,2,3.7,1,0.5,0,0,1,8.7,2.5,0
2,01-06-2024 00:10,01-06-2024 00:26,1,2.84,1,N,162,68,1,17,1,0.5,5.5,0,1,27.5,2.5,0
2,01-06-2024 00:30,01-06-2024 00:53,1,5.63,1,N,186,74,2,26.1,1,0.5,0,0,1,31.1,2.5,0
1,01-06-2024 00:27,01-06-2024 00:49,1,4.2,1,N,113,236,1,20.5,3.5,0.5,5.1,0,1,30.6,2.5,0
